Date,NASTRAN,Abaqus,LS-Dyna,ADAMS,Fluent,Fluent-paralles,Fluent-base,X1_Cluster1,X1_Cluster2,X1_Cluster3,X1_Cluster4,X1_Cluster5,Y1_Cluster1,Y1_Cluster2,Y1_Cluster3,Y1_Cluster4,Y1_GPU01,Y1_GPU02,Y1_GPU03,Y1_GPU04,Y1_GPU05,Y1_GPU06,Y1_GPU07,Y1_GPU08,Y1_GPU09,Y1_GPU10
2025-12-01 00:00:00,45,42,57,37,61,50,62,61,34,40,36,51,47,28,58,62,82,63,77,51,59,58,55,60,57,48
2025-12-01 01:00:00,39,45,52,48,65,45,59,61,39,56,45,47,31,34,51,68,82,58,75,42,50,62,67,57,51,63
2025-12-01 02:00:00,40,41,71,42,64,51,61,62,35,61,35,66,42,47,56,65,86,46,84,63,52,66,64,62,68,48
2025-12-01 03:00:00,47,37,69,50,69,51,62,56,38,57,48,54,43,41,58,64,73,68,82,47,50,65,58,56,65,51
2025-12-01 04:00:00,50,46,62,55,63,46,71,63,43,62,39,60,33,32,56,65,83,68,70,57,57,64,68,65,56,51
2025-12-01 05:00:00,50,50,64,57,58,60,72,64,38,55,45,51,40,37,72,72,86,73,77,61,53,68,75,54,63,51
2025-12-01 06:00:00,62,39,57,48,66,44,73,68,47,52,51,67,35,45,62,74,85,63,79,54,57,64,71,62,64,62
2025-12-01 07:00:00,53,53,58,55,80,49,69,75,45,62,48,60,53,59,62,70,84,79,85,67,65,65,81,64,64,55
2025-12-01 08:00:00,68,58,72,53,68,61,85,66,53,71,46,67,48,50,74,77,95,83,91,59,63,75,80,79,73,61
2025-12-01 09:00:00,56,57,72,52,86,67,74,79,58,69,64,73,62,58,73,87,96,76,92,61,65,78,80,78,82,76
2025-12-01 10:00:00,72,69,75,64,84,60,79,80,46,76,75,67,47,61,81,70,100,82,97,65,70,77,81,80,85,66
2025-12-01 11:00:00,73,64,77,72,84,66,85,71,59,82,53,79,56,60,78,79,100,87,95,69,68,79,90,91,87,71
2025-12-01 12:00:00,67,61,75,75,89,61,83,87,78,75,65,81,62,61,72,93,99,98,100,80,70,87,81,82,88,78
2025-12-01 13:00:00,69,56,89,76,90,60,84,79,65,77,62,81,55,63,87,91,97,94,100,72,70,83,79,95,69,75
2025-12-01 14:00:00,71,61,81,69,88,76,81,84,62,80,63,74,60,53,87,86,100,86,95,74,78,89,87,84,77,70
2025-12-01 15:00:00,61,64,81,71,84,75,85,85,66,75,66,79,59,56,86,88,94,84,95,70,72,82,92,89,88,75
2025-12-01 16:00:00,66,60,71,58,89,63,80,73,63,76,59,64,64,49,79,82,97,85,89,69,70,77,81,83,74,73
2025-12-01 17:00:00,65,52,71,59,84,64,87,76,69,71,51,63,58,61,78,75,94,79,89,73,75,77,78,81,77,73
2025-12-01 18:00:00,61,63,69,57,76,62,71,63,57,77,56,65,55,54,70,80,91,79,87,69,58,68,78,79,74,66
2025-12-01 19:00:00,56,52,63,60,73,56,79,71,54,67,57,76,56,42,71,78,92,72,83,70,67,70,76,72,66,48
2025-12-01 20:00:00,52,53,66,41,64,51,76,59,48,58,46,56,46,48,62,75,77,71,90,56,53,71,78,64,67,60
2025-12-01 21:00:00,56,53,55,44,79,45,67,62,43,59,51,60,34,46,66,66,86,70,84,62,66,67,71,64,56,59
2025-12-01 22:00:00,57,40,54,48,74,43,65,54,47,60,35,60,43,47,59,71,67,67,77,46,55,62,70,60,61,52
2025-12-01 23:00:00,42,43,61,47,74,49,63,56,45,53,44,51,35,43,66,69,76,55,74,50,56,62,70,66,55,57
2025-12-02 00:00:00,41,35,54,41,72,46,72,63,46,48,39,53,42,27,55,65,89,60,76,54,55,61,64,59,59,55
2025-12-02 01:00:00,47,47,55,41,65,45,51,64,42,63,35,60,36,37,60,64,80,58,83,51,55,55,55,50,62,50
2025-12-02 02:00:00,43,37,50,37,66,45,62,64,42,52,39,55,43,35,67,63,77,65,76,51,51,53,65,61,62,48
2025-12-02 03:00:00,42,42,55,38,61,40,60,64,47,53,38,56,39,38,65,60,86,64,70,51,54,56,67,65,56,41
2025-12-02 04:00:00,49,34,62,45,72,44,58,58,40,62,53,58,31,38,66,63,86,62,71,60,55,59,61,72,62,55
2025-12-02 05:00:00,49,44,70,50,62,52,67,60,44,52,42,57,46,37,62,61,86,73,87,55,61,56,66,70,53,47
2025-12-02 06:00:00,52,48,62,51,71,49,74,62,50,53,46,56,50,58,71,66,71,66,83,60,53,67,71,72,60,59
2025-12-02 07:00:00,65,52,61,48,78,51,68,73,51,61,55,68,44,55,58,80,86,73,78,58,58,73,71,73,65,59
2025-12-02 08:00:00,57,56,78,57,76,58,67,78,62,54,58,60,54,52,67,76,87,77,85,70,65,71,77,78,68,72
2025-12-02 09:00:00,63,45,70,65,81,60,78,73,55,64,58,73,51,48,75,76,89,76,93,68,69,88,86,77,69,67
2025-12-02 10:00:00,62,55,81,68,79,58,87,80,61,72,62,70,54,58,72,79,100,88,87,69,73,85,83,77,68,69
2025-12-02 11:00:00,78,51,80,64,89,75,84,81,55,79,59,72,60,52,78,80,100,87,100,71,72,81,87,92,83,72
2025-12-02 12:00:00,66,67,90,57,95,68,87,87,67,77,59,70,56,64,82,91,100,84,90,67,70,91,91,83,86,79
2025-12-02 13:00:00,71,58,83,67,98,70,77,81,64,79,65,83,68,65,91,93,100,88,100,75,79,80,92,86,83,80
2025-12-02 14:00:00,76,57,79,61,87,79,90,76,67,88,66,80,62,63,76,89,100,82,100,73,74,92,81,85,84,72
2025-12-02 15:00:00,74,59,75,58,86,62,80,78,62,68,55,75,58,60,79,93,100,83,100,77,62,84,87,84,76,72
2025-12-02 16:00:00,73,63,82,72,84,69,76,79,61,73,52,72,53,57,73,85,100,84,100,73,67,78,78,74,81,69
2025-12-02 17:00:00,65,60,73,61,77,76,77,79,60,71,63,71,55,57,73,91,97,68,91,65,60,74,84,72,75,58
2025-12-02 18:00:00,62,49,69,50,66,66,69,74,56,69,55,71,48,53,71,75,87,77,80,67,69,77,73,72,70,60
2025-12-02 19:00:00,53,43,63,51,75,56,80,67,53,63,49,61,42,53,60,77,89,76,93,58,54,66,72,75,75,62
2025-12-02 20:00:00,52,52,53,48,69,60,66,67,58,58,52,63,44,43,70,68,85,64,75,57,67,65,70,77,73,55
2025-12-02 21:00:00,51,40,56,44,74,54,70,61,38,50,48,56,42,38,67,70,86,73,76,56,63,65,70,66,62,56
2025-12-02 22:00:00,47,41,67,48,62,55,71,62,38,60,52,48,33,42,67,78,87,67,73,50,59,62,68,60,60,55
2025-12-02 23:00:00,43,37,51,45,64,55,69,61,43,44,38,55,33,40,68,67,81,68,71,49,56,58,61,63,63,55
2025-12-03 00:00:00,37,45,60,48,60,50,67,57,45,49,37,51,37,36,55,52,74,66,81,58,56,59,70,64,61,52
2025-12-03 01:00:00,48,36,60,37,65,47,58,66,43,52,56,56,35,45,62,68,89,63,71,41,62,58,61,51,67,44
2025-12-03 02:00:00,47,39,54,45,72,48,75,63,44,58,39,69,41,37,55,53,86,64,77,51,58,61,62,59,65,56
2025-12-03 03:00:00,46,36,57,50,67,50,62,58,41,50,42,57,35,36,63,55,78,65,82,54,59,58,73,63,58,51
2025-12-03 04:00:00,46,42,62,42,75,55,63,62,51,53,50,54,42,40,66,68,79,68,77,58,60,67,69,65,62,55
2025-12-03 05:00:00,50,51,67,41,74,54,63,64,45,55,39,54,43,42,58,61,84,64,81,57,59,66,72,59,67,60
2025-12-03 06:00:00,49,37,68,54,75,60,73,60,44,62,55,66,38,48,62,69,87,68,77,60,60,73,73,65,67,58
2025-12-03 07:00:00,56,48,62,52,81,55,71,61,59,65,45,70,56,50,67,71,92,66,79,61,66,81,67,65,75,60
2025-12-03 08:00:00,59,61,71,60,85,59,73,74,64,64,54,72,52,46,73,66,90,64,83,67,74,71,79,75,67,67
2025-12-03 09:00:00,66,51,69,64,75,61,67,72,58,57,62,73,56,59,67,82,97,81,91,66,78,77,80,86,82,64
2025-12-03 10:00:00,70,51,76,64,79,57,85,78,51,71,59,70,54,58,79,79,96,78,92,63,75,84,87,83,78,69
2025-12-03 11:00:00,59,69,80,67,88,72,82,82,58,77,71,82,63,57,87,76,100,81,95,77,72,93,94,83,93,66
2025-12-03 12:00:00,81,65,81,76,88,74,89,82,73,81,63,80,64,61,77,85,100,83,100,81,74,81,86,77,71,78
2025-12-03 13:00:00,80,65,76,69,100,70,82,79,67,75,63,84,62,55,77,94,100,75,100,70,73,86,84,82,87,79
2025-12-03 14:00:00,79,61,70,70,87,64,83,84,68,78,57,56,59,66,88,90,100,80,97,79,80,84,98,88,86,88
2025-12-03 15:00:00,74,51,88,60,89,69,82,78,65,75,65,76,57,64,75,79,93,87,95,74,82,81,83,86,82,70
2025-12-03 16:00:00,70,59,86,58,79,66,89,80,67,74,58,62,62,57,82,89,90,78,93,69,74,81,86,77,80,78
2025-12-03 17:00:00,58,44,74,50,84,65,83,69,59,73,59,73,61,53,75,81,97,84,82,55,60,71,73,81,75,60
2025-12-03 18:00:00,56,48,80,54,70,48,80,71,50,65,52,66,48,48,62,73,94,73,88,66,66,68,69,82,71,62
2025-12-03 19:00:00,53,50,64,54,75,54,72,72,58,71,50,67,44,57,58,64,85,67,82,61,60,79,71,74,64,64
2025-12-03 20:00:00,60,46,63,48,84,61,71,65,40,63,49,66,50,45,73,67,89,81,81,55,59,75,69,70,67,59
2025-12-03 21:00:00,49,38,63,45,74,61,69,74,44,57,51,59,43,49,65,66,99,66,89,55,62,70,66,60,62,52
2025-12-03 22:00:00,46,54,57,46,63,47,62,57,49,59,46,52,41,43,61,68,74,60,67,57,63,72,71,55,67,47
2025-12-03 23:00:00,49,42,60,42,63,45,68,63,43,52,45,63,47,34,55,64,78,60,72,47,54,74,69,61,68,56
2025-12-04 00:00:00,35,43,61,42,68,54,55,53,39,55,51,57,40,37,65,59,83,61,71,53,56,65,66,67,66,53
2025-12-04 01:00:00,51,33,58,48,71,44,64,63,43,49,35,56,34,34,67,64,79,55,74,52,56,63,61,61,59,55
2025-12-04 02:00:00,51,48,62,41,57,49,59,57,46,56,40,52,37,36,56,56,80,62,67,54,52,63,55,58,59,51
2025-12-04 03:00:00,54,39,66,42,62,48,68,60,40,50,49,56,35,39,63,52,84,69,78,57,55,65,75,64,62,57
2025-12-04 04:00:00,48,54,59,42,66,47,66,59,39,54,43,59,38,46,62,79,81,69,77,67,59,65,60,68,64,58
2025-12-04 05:00:00,52,43,59,51,69,57,61,54,56,59,48,61,40,37,63,66,77,61,71,59,54,60,65,71,64,68
2025-12-04 06:00:00,63,40,70,41,69,47,60,66,55,62,57,57,36,55,62,69,90,70,83,62,61,65,70,61,67,63
2025-12-04 07:00:00,56,56,64,58,68,66,67,70,46,68,41,61,46,52,60,75,93,73,84,60,64,71,74,79,67,68
2025-12-04 08:00:00,55,47,72,49,75,61,72,72,50,61,48,71,49,49,67,76,96,73,86,61,72,76,78,72,82,57
2025-12-04 09:00:00,67,53,71,65,90,64,80,76,54,63,54,68,43,53,79,79,95,84,90,72,70,86,72,73,74,72
2025-12-04 10:00:00,59,51,75,52,87,64,82,69,65,78,58,83,55,60,77,77,98,80,91,73,75,75,84,86,81,71
2025-12-04 11:00:00,71,58,79,66,85,76,74,75,56,77,69,78,61,64,83,86,100,76,94,68,72,84,79,85,79,76
2025-12-04 12:00:00,69,65,87,64,79,71,93,77,69,82,67,77,56,67,82,86,100,82,89,74,74,88,87,87,86,84
2025-12-04 13:00:00,73,64,74,63,88,72,88,88,62,74,71,73,60,59,72,85,100,89,97,72,85,87,98,89,85,83
2025-12-04 14:00:00,63,75,86,71,78,72,86,87,69,74,64,69,69,62,80,87,100,95,93,71,74,90,91,100,79,79
2025-12-04 15:00:00,71,59,85,71,91,67,82,78,67,77,62,66,64,54,85,86,100,85,87,77,68,80,85,88,79,74
2025-12-04 16:00:00,69,59,73,68,100,63,76,81,53,71,62,79,56,59,71,76,100,71,98,70,80,87,86,88,72,69
2025-12-04 17:00:00,60,54,72,58,77,71,83,80,62,60,52,66,54,49,69,82,100,73,90,65,65,75,78,77,71,66
2025-12-04 18:00:00,77,50,59,64,71,61,75,75,54,63,52,64,55,52,68,69,96,76,83,68,68,73,85,72,70,69
2025-12-04 19:00:00,63,54,71,54,76,61,65,68,52,68,61,70,34,43,71,74,90,69,77,56,55,76,73,77,72,59
2025-12-04 20:00:00,58,45,60,58,74,60,70,60,49,68,41,51,42,48,54,69,86,69,85,66,65,64,78,63,59,55
2025-12-04 21:00:00,54,45,68,46,78,55,67,67,54,58,48,63,47,46,63,69,81,66,78,55,60,64,61,61,65,48
2025-12-04 22:00:00,56,52,58,42,67,49,65,60,49,59,51,49,39,45,64,71,80,68,79,60,46,61,71,68,55,57
2025-12-04 23:00:00,39,35,63,47,70,47,58,62,51,60,39,54,37,38,69,69,84,61,80,53,49,56,64,59,48,51
2025-12-05 00:00:00,45,37,54,39,71,55,60,60,33,52,42,53,37,43,45,60,77,58,79,47,52,65,53,65,59,47
2025-12-05 01:00:00,49,49,60,47,72,51,65,62,43,58,40,58,41,43,49,62,82,55,70,53,46,64,65,64,62,47
2025-12-05 02:00:00,43,39,61,42,76,55,66,61,42,54,41,61,37,44,58,69,86,54,66,48,53,76,62,52,67,52
2025-12-05 03:00:00,57,57,60,36,61,44,70,61,44,59,44,53,46,33,59,56,82,62,69,58,49,59,64,67,56,56
2025-12-05 04:00:00,45,39,46,49,66,60,57,48,42,62,44,57,37,35,65,67,82,65,77,49,50,67,65,64,65,64
2025-12-05 05:00:00,53,49,63,44,64,56,68,63,45,56,53,59,44,44,61,65,80,63,74,69,62,70,66,71,65,61
2025-12-05 06:00:00,50,61,65,53,65,52,69,70,44,77,43,47,35,44,64,80,90,69,86,65,49,63,62,61,63,57
2025-12-05 07:00:00,61,57,66,52,83,56,79,65,54,62,52,69,50,48,63,71,90,74,79,61,61,66,82,69,69,59
2025-12-05 08:00:00,63,53,65,65,76,68,75,69,58,66,57,64,52,48,74,87,87,79,69,69,63,73,80,76,73,67
2025-12-05 09:00:00,60,56,77,58,81,65,75,72,68,68,61,58,54,52,79,81,89,69,92,69,73,76,83,70,79,74
2025-12-05 10:00:00,67,62,85,65,96,62,79,79,58,71,71,73,59,51,73,85,100,85,91,73,62,80,85,73,79,71
2025-12-05 11:00:00,67,66,75,65,83,72,90,90,60,79,60,78,50,60,79,82,92,85,93,76,72,81,87,83,82,67
2025-12-05 12:00:00,63,68,84,69,86,67,84,79,63,71,60,80,58,67,91,87,98,84,100,65,65,89,90,85,80,78
2025-12-05 13:00:00,66,63,78,71,94,74,90,76,68,86,63,75,68,64,84,86,100,76,94,79,78,91,83,86,77,86
2025-12-05 14:00:00,65,65,89,66,90,65,81,76,59,81,70,83,61,71,76,90,100,83,100,70,73,81,99,88,85,72
2025-12-05 15:00:00,63,69,82,71,87,73,95,84,63,83,65,69,55,60,76,93,100,85,96,74,77,88,94,84,81,79
2025-12-05 16:00:00,64,64,79,64,85,66,88,79,61,70,61,81,56,55,79,86,100,82,100,80,71,84,76,86,76,78
2025-12-05 17:00:00,66,65,70,61,78,71,76,86,67,72,58,65,47,43,66,74,92,75,92,70,70,78,77,76,66,60
2025-12-05 18:00:00,48,53,73,55,74,52,75,66,59,77,58,62,56,53,73,75,88,71,84,69,67,74,75,76,68,70
2025-12-05 19:00:00,65,50,67,54,70,57,69,68,57,58,57,56,42,55,71,70,87,73,87,61,67,75,73,71,72,59
2025-12-05 20:00:00,56,50,59,58,71,53,71,74,45,53,48,58,38,53,59,64,89,71,86,61,60,71,69,76,65,54
2025-12-05 21:00:00,56,44,58,46,67,47,67,67,49,60,43,48,41,43,64,74,82,65,76,51,58,64,71,68,70,59
2025-12-05 22:00:00,48,46,60,38,81,47,59,51,47,56,51,59,49,37,64,64,88,69,79,61,51,62,61,67,60,49
2025-12-05 23:00:00,61,45,58,45,64,40,67,58,36,64,38,54,47,39,56,60,77,58,78,50,58,67,63,72,71,46
2025-12-06 00:00:00,27,12,33,16,44,16,26,37,21,27,10,21,13,8,35,28,57,46,55,27,20,31,50,32,27,22
2025-12-06 01:00:00,21,19,34,26,45,18,32,45,15,24,6,27,11,18,26,41,57,32,51,20,14,42,45,29,25,35
2025-12-06 02:00:00,21,14,33,22,34,18,37,27,18,34,30,17,5,15,35,42,46,33,60,35,25,39,40,36,41,31
2025-12-06 03:00:00,20,14,29,16,43,20,37,36,12,25,15,33,12,9,32,37,56,39,46,32,31,36,37,36,33,19
2025-12-06 04:00:00,26,20,41,28,42,17,47,33,11,29,18,26,17,9,43,36,49,39,45,34,35,42,49,36,37,31
2025-12-06 05:00:00,28,16,32,25,47,17,49,37,12,31,16,28,17,9,37,48,49,49,51,29,35,41,49,41,39,33
2025-12-06 06:00:00,21,19,36,32,46,25,43,42,23,31,25,32,21,16,34,46,64,44,50,32,38,45,41,33,40,38
2025-12-06 07:00:00,28,35,40,33,50,29,44,44,17,35,23,35,11,23,43,49,64,50,47,34,41,42,47,49,34,30
2025-12-06 08:00:00,43,22,43,38,56,29,60,53,21,41,29,39,21,21,42,57,73,39,66,39,38,51,45,50,47,40
2025-12-06 09:00:00,39,36,51,32,54,47,54,51,25,47,31,50,25,30,51,56,68,53,62,34,42,60,58,49,54,48
2025-12-06 10:00:00,41,32,45,33,62,43,45,50,37,40,30,39,31,31,54,56,79,64,65,51,41,61,59,64,50,49
2025-12-06 11:00:00,46,34,53,48,62,42,65,55,35,52,33,50,39,30,58,65,73,57,84,56,49,53,60,59,51,47
2025-12-06 12:00:00,43,45,53,44,63,43,68,63,48,60,37,56,26,38,63,57,73,68,75,50,47,59,49,59,51,45
2025-12-06 13:00:00,52,40,54,44,62,53,60,51,46,58,40,52,30,28,48,60,82,66,73,50,52,63,57,64,58,46
2025-12-06 14:00:00,52,41,60,45,62,45,60,58,34,45,41,49,43,31,60,70,70,58,79,48,53,63,54,62,54,49
2025-12-06 15:00:00,42,35,63,38,78,47,62,65,35,49,29,47,31,40,57,52,73,46,73,42,51,55,57,61,55,51
2025-12-06 16:00:00,42,30,60,37,60,42,58,52,41,44,36,43,32,31,59,57,63,49,71,45,47,50,54,52,44,41
2025-12-06 17:00:00,32,31,48,23,54,32,51,45,35,53,34,49,34,29,49,51,73,56,60,45,47,52,55,53,36,41
2025-12-06 18:00:00,34,27,41,30,61,34,50,44,25,44,28,28,28,27,50,52,71,52,65,44,43,45,60,57,49,38
2025-12-06 19:00:00,32,12,42,25,52,37,47,50,24,45,19,37,16,18,45,55,63,44,57,35,35,44,47,48,40,29
2025-12-06 20:00:00,33,20,38,24,51,22,52,44,22,38,16,31,19,26,41,48,59,42,65,29,35,46,47,42,39,23
2025-12-06 21:00:00,37,16,37,28,44,33,42,39,19,31,25,34,10,17,38,39,60,40,58,36,38,37,45,40,39,28
2025-12-06 22:00:00,24,14,33,25,44,39,47,33,30,33,16,26,11,14,37,48,55,41,56,33,27,41,35,44,34,31
2025-12-06 23:00:00,24,19,30,19,55,23,37,39,23,28,14,27,13,17,33,40,52,43,53,27,35,35,34,36,34,32
2025-12-07 00:00:00,25,12,38,23,40,24,33,37,21,21,19,28,11,14,35,25,55,44,40,23,20,32,46,38,36,17
2025-12-07 01:00:00,15,13,30,32,43,12,31,42,19,36,12,25,18,7,34,39,60,36,51,23,22,33,37,43,29,33
2025-12-07 02:00:00,29,17,29,14,44,29,40,33,20,30,13,30,12,16,33,34,63,38,48,21,19,38,38,43,33,20
2025-12-07 03:00:00,22,21,32,28,31,22,35,33,16,46,13,35,13,6,36,31,53,39,44,34,34,45,44,32,35,35
2025-12-07 04:00:00,26,22,39,22,37,24,32,39,15,40,19,34,19,6,36,47,59,34,58,36,37,32,39,41,35,26
2025-12-07 05:00:00,28,27,40,18,48,28,46,29,24,34,22,37,15,11,38,47,66,39,59,34,45,46,44,41,38,34
2025-12-07 06:00:00,36,18,36,35,53,29,42,42,34,46,24,39,18,24,44,45,69,45,53,37,31,41,42,42,40,31
2025-12-07 07:00:00,34,27,38,35,45,36,50,35,27,33,34,33,17,21,35,47,62,49,56,39,43,48,47,44,34,46
2025-12-07 08:00:00,33,27,43,37,55,38,38,51,28,41,32,43,18,27,48,53,58,49,60,42,40,50,63,51,50,45
2025-12-07 09:00:00,37,35,46,30,54,40,54,42,33,55,30,49,24,31,50,48,70,47,65,45,44,53,49,47,45,42
2025-12-07 10:00:00,38,25,55,43,64,35,56,49,39,50,37,48,36,43,45,62,77,59,59,50,41,66,64,50,51,52
2025-12-07 11:00:00,44,31,48,43,60,49,60,59,37,46,42,49,40,34,60,62,72,68,69,48,42,53,61,57,60,49
2025-12-07 12:00:00,41,35,52,47,65,46,59,58,40,54,41,50,42,26,53,62,81,55,77,49,54,61,73,64,55,48
2025-12-07 13:00:00,47,44,59,36,77,44,60,49,44,50,40,56,39,34,47,70,88,67,70,57,46,74,56,57,57,53
2025-12-07 14:00:00,52,37,57,47,67,38,63,48,33,55,44,54,41,36,60,59,79,61,73,60,47,58,58,54,58,43
2025-12-07 15:00:00,46,43,47,32,67,34,65,57,37,49,36,48,28,44,54,56,74,64,76,53,53,56,72,66,54,55
2025-12-07 16:00:00,43,43,49,40,62,41,60,48,37,50,27,46,41,37,56,59,65,53,74,43,53,57,60,55,55,50
2025-12-07 17:00:00,35,26,52,29,66,27,60,52,30,46,39,44,34,26,47,58,71,45,73,46,49,55,50,48,61,41
2025-12-07 18:00:00,36,30,49,22,55,35,47,46,30,40,21,36,26,24,40,56,64,53,60,39,36,45,45,45,52,36
2025-12-07 19:00:00,25,29,43,26,43,31,54,45,23,42,28,42,6,21,39,54,62,46,54,43,43,46,49,46,39,46
2025-12-07 20:00:00,28,18,30,26,39,25,46,39,33,33,22,32,23,25,46,45,62,40,58,35,34,33,37,40,38,39
2025-12-07 21:00:00,33,23,29,23,47,25,39,26,19,35,18,38,13,20,37,47,64,40,52,33,35,43,42,36,32,25
2025-12-07 22:00:00,36,12,34,32,44,31,41,35,22,32,11,27,11,17,38,42,61,44,44,27,26,37,34,29,36,30
2025-12-07 23:00:00,26,20,30,23,48,22,38,42,20,39,15,30,13,20,35,43,53,34,45,25,28,43,46,30,44,38
2025-12-08 00:00:00,45,51,60,43,68,47,62,64,47,41,42,53,36,45,53,60,72,63,79,47,61,74,73,60,58,50
2025-12-08 01:00:00,40,48,53,43,65,48,63,63,48,53,48,50,34,38,51,71,78,69,73,47,47,58,63,64,59,55
2025-12-08 02:00:00,50,42,52,52,64,49,59,62,46,61,46,48,30,38,52,62,82,68,77,56,50,66,69,59,64,57
2025-12-08 03:00:00,48,45,61,42,55,53,71,59,53,58,45,50,48,49,56,56,84,65,75,55,58,72,60,57,59,52
2025-12-08 04:00:00,58,44,66,56,55,53,62,61,48,65,34,56,35,43,68,64,75,66,83,50,57,60,72,65,61,55
2025-12-08 05:00:00,50,48,56,41,64,50,65,59,49,53,40,54,37,41,61,63,83,62,83,56,50,69,81,62,71,61
2025-12-08 06:00:00,60,49,59,55,69,56,70,62,46,59,46,61,36,47,67,73,86,66,90,67,53,64,78,63,68,68
2025-12-08 07:00:00,64,53,65,48,76,58,76,62,49,51,55,70,41,54,65,69,95,73,85,62,61,60,72,70,67,58
2025-12-08 08:00:00,60,49,69,54,71,62,83,82,57,70,54,67,50,44,85,77,97,70,84,62,62,71,72,69,69,65
2025-12-08 09:00:00,66,63,77,68,72,54,76,78,62,72,62,64,52,55,75,86,93,77,92,65,72,88,76,82,71,68
2025-12-08 10:00:00,61,53,82,58,90,60,81,83,63,68,54,75,66,54,77,80,100,79,92,65,73,81,90,76,77,68
2025-12-08 11:00:00,68,50,78,66,87,73,82,80,60,75,65,74,62,53,71,88,100,88,92,75,71,74,78,87,80,78
2025-12-08 12:00:00,70,70,79,68,87,72,84,88,64,86,72,73,62,58,74,91,99,88,100,68,78,87,77,88,86,78
2025-12-08 13:00:00,71,59,81,63,79,74,92,91,70,89,62,77,70,70,80,89,100,76,100,72,72,80,89,89,81,80
2025-12-08 14:00:00,66,66,83,73,87,72,87,89,68,74,60,74,59,56,80,90,100,88,100,69,77,89,95,81,82,73
2025-12-08 15:00:00,63,65,79,69,84,59,78,81,63,85,64,80,63,60,83,81,100,78,100,82,72,86,77,78,85,77
2025-12-08 16:00:00,57,53,84,61,83,66,78,74,61,81,59,70,64,64,74,95,100,82,100,60,66,74,87,87,82,70
2025-12-08 17:00:00,58,58,74,60,73,68,88,73,52,76,47,67,51,51,83,82,100,69,90,69,82,74,79,89,74,64
2025-12-08 18:00:00,55,50,79,54,81,59,72,67,53,73,57,67,45,55,60,78,89,69,99,69,61,77,80,75,60,61
2025-12-08 19:00:00,59,56,64,61,78,63,77,65,55,71,55,63,38,46,58,78,93,63,78,63,61,68,68,67,74,56
2025-12-08 20:00:00,57,49,62,50,66,57,75,74,59,51,47,63,48,50,72,76,88,79,75,66,62,71,68,67,67,60
2025-12-08 21:00:00,50,37,59,46,73,53,71,64,51,55,48,63,36,34,61,66,76,73,79,63,52,63,67,68,57,53
2025-12-08 22:00:00,50,46,54,48,63,55,59,59,42,53,49,60,43,48,55,66,83,62,77,53,57,63,73,66,56,52
2025-12-08 23:00:00,59,38,65,48,67,45,63,68,43,48,43,49,46,38,47,64,77,59,74,54,58,70,72,58,56,50
2025-12-09 00:00:00,52,39,56,40,64,46,62,60,51,64,41,43,36,40,51,71,85,62,77,54,51,58,67,65,56,51
2025-12-09 01:00:00,42,37,55,44,60,35,59,58,42,55,45,43,39,29,58,63,78,61,75,62,52,64,72,58,54,54
2025-12-09 02:00:00,51,34,67,34,66,41,65,54,40,57,31,51,36,39,67,65,76,62,64,56,49,67,63,65,61,47
2025-12-09 03:00:00,49,42,62,41,64,43,67,54,44,65,45,65,46,33,62,71,92,63,73,55,53,64,56,64,64,60
2025-12-09 04:00:00,49,36,62,36,65,48,70,70,49,66,35,64,40,37,63,62,88,57,81,59,54,63,61,68,55,57
2025-12-09 05:00:00,55,48,56,50,65,69,78,58,45,58,44,68,55,37,71,71,77,60,78,56,56,55,70,74,74,54
2025-12-09 06:00:00,55,45,62,53,73,54,71,71,55,56,47,59,52,43,60,64,85,71,92,67,61,64,65,66,65,46
2025-12-09 07:00:00,61,53,66,56,66,56,69,67,50,63,46,64,45,46,65,76,88,69,85,62,56,73,70,68,69,60
2025-12-09 08:00:00,61,54,69,58,73,61,77,68,61,70,57,73,47,46,83,69,91,79,78,72,66,72,70,81,70,61
2025-12-09 09:00:00,65,55,73,67,80,67,73,77,55,69,57,70,52,55,78,77,94,90,100,68,66,71,81,72,78,59
2025-12-09 10:00:00,64,71,72,65,85,71,72,79,64,71,64,81,63,54,80,85,100,79,98,70,77,83,83,84,85,73
2025-12-09 11:00:00,73,61,84,76,90,70,86,81,66,77,53,79,54,60,90,90,95,80,99,76,76,81,81,87,81,76
2025-12-09 12:00:00,72,69,84,56,96,66,90,82,68,86,66,83,60,61,84,85,100,88,94,90,72,79,82,75,79,78
2025-12-09 13:00:00,75,59,83,71,86,71,81,83,63,70,60,75,59,67,89,86,99,78,100,77,79,87,87,89,86,78
2025-12-09 14:00:00,71,67,95,72,86,75,87,71,66,83,66,79,53,56,81,86,96,86,100,71,74,80,93,79,76,69
2025-12-09 15:00:00,70,66,82,62,92,63,81,80,58,81,64,68,57,66,80,97,99,93,90,75,72,76,91,82,77,75
2025-12-09 16:00:00,67,59,76,60,89,61,72,87,57,75,63,71,59,61,76,75,95,80,89,69,66,85,88,75,67,78
2025-12-09 17:00:00,65,57,67,61,82,60,71,76,62,73,56,75,54,60,71,83,100,62,94,66,71,81,74,86,73,84
2025-12-09 18:00:00,61,49,77,52,73,68,79,76,51,76,50,66,48,51,73,77,86,73,91,67,62,75,78,63,74,68
2025-12-09 19:00:00,50,57,78,47,72,61,65,68,44,60,45,63,58,41,63,85,83,68,93,59,60,72,76,79,76,62
2025-12-09 20:00:00,59,44,61,44,64,64,80,65,53,65,52,65,40,42,67,64,76,69,80,62,51,60,69,65,63,54
2025-12-09 21:00:00,51,52,69,48,56,50,69,58,52,51,38,65,32,53,55,68,82,65,83,51,52,63,66,62,65,58
2025-12-09 22:00:00,52,46,58,50,61,49,62,60,45,59,37,57,41,40,59,63,83,56,66,56,54,65,58,64,63,56
2025-12-09 23:00:00,51,39,59,49,74,44,64,57,42,50,40,57,38,39,77,72,75,54,70,60,52,64,68,65,57,51
2025-12-10 00:00:00,45,33,61,46,68,52,60,58,51,57,36,50,36,41,52,60,77,58,73,52,54,54,58,56,63,65
2025-12-10 01:00:00,48,40,56,46,65,52,67,57,41,48,39,61,45,32,65,67,79,59,76,51,51,60,62,63,56,47
2025-12-10 02:00:00,41,44,55,44,70,60,70,60,38,58,47,49,36,37,58,61,67,64,69,49,55,51,67,71,62,46
2025-12-10 03:00:00,50,46,49,51,55,50,69,55,51,56,34,44,40,43,55,74,85,68,77,56,54,67,80,57,52,45
2025-12-10 04:00:00,52,35,59,44,69,38,59,66,42,51,44,49,39,40,63,60,81,68,86,57,52,78,60,62,62,49
2025-12-10 05:00:00,49,43,65,46,66,57,69,61,42,65,48,58,45,38,51,67,79,71,81,59,63,64,70,56,63,61
2025-12-10 06:00:00,50,46,63,51,74,48,77,76,49,66,40,59,52,51,60,79,91,69,76,59,59,64,76,74,70,56
2025-12-10 07:00:00,60,47,63,50,69,55,55,71,46,64,55,66,48,51,64,76,94,69,83,66,57,81,67,63,64,64
2025-12-10 08:00:00,64,63,63,52,68,60,76,70,55,72,50,68,54,54,62,82,93,75,81,56,57,68,76,68,76,67
2025-12-10 09:00:00,57,59,76,62,79,69,77,76,59,84,55,75,51,51,73,73,98,83,91,72,66,80,77,62,76,66
2025-12-10 10:00:00,64,58,82,66,84,53,84,81,67,69,60,78,55,61,83,78,97,90,100,67,74,75,87,80,82,64
2025-12-10 11:00:00,70,64,74,73,85,77,75,83,60,74,59,71,64,64,80,80,100,86,100,76,77,80,82,89,88,78
2025-12-10 12:00:00,63,70,81,62,89,68,87,86,66,77,64,70,60,56,74,84,100,95,100,75,67,84,82,94,80,72
2025-12-10 13:00:00,62,55,91,73,91,65,85,78,63,76,63,74,63,57,83,90,100,91,97,74,76,91,88,79,85,78
2025-12-10 14:00:00,66,62,90,68,88,76,85,83,57,79,58,85,66,67,86,83,100,93,100,75,76,85,88,89,87,85
2025-12-10 15:00:00,78,67,79,65,94,66,92,70,64,73,71,81,64,58,81,82,99,86,100,75,82,77,87,82,80,68
2025-12-10 16:00:00,61,58,82,68,90,68,81,76,62,77,64,83,61,53,75,88,100,78,89,73,72,76,92,83,77,69
2025-12-10 17:00:00,69,53,69,54,88,55,76,68,54,65,45,60,44,60,71,89,97,73,94,74,70,68,86,75,81,66
2025-12-10 18:00:00,63,53,66,51,77,56,71,65,56,74,59,64,41,50,75,74,96,70,88,74,68,73,82,75,74,58
2025-12-10 19:00:00,62,53,65,55,72,69,69,67,58,55,48,56,53,51,73,75,94,73,89,57,64,73,82,71,68,66
2025-12-10 20:00:00,48,45,65,57,77,56,81,72,62,60,52,55,53,51,67,66,86,61,73,57,60,62,72,61,56,65
2025-12-10 21:00:00,57,39,59,55,67,48,67,63,40,52,45,52,40,38,61,67,81,66,81,59,53,61,68,74,59,62
2025-12-10 22:00:00,42,44,64,47,67,51,64,55,47,61,44,61,32,49,53,62,82,67,75,57,56,64,67,66,57,52
2025-12-10 23:00:00,48,45,50,41,70,52,54,59,35,56,38,55,24,40,53,74,79,64,75,59,51,65,67,55,58,45
2025-12-11 00:00:00,48,44,55,47,60,42,72,56,52,46,47,50,38,35,50,61,76,66,76,55,54,64,69,61,61,50
2025-12-11 01:00:00,54,40,48,55,65,44,58,59,38,54,39,38,43,34,51,69,74,58,65,53,49,57,64,62,58,50
2025-12-11 02:00:00,47,44,59,50,63,48,61,63,33,58,37,62,44,38,62,66,82,56,72,54,52,69,71,66,65,56
2025-12-11 03:00:00,45,35,51,47,73,53,61,60,41,57,39,56,41,40,53,63,89,57,72,50,57,59,58,69,67,60
2025-12-11 04:00:00,50,46,67,46,70,45,61,56,44,61,36,56,36,41,56,59,90,66,67,45,55,70,72,68,62,52
2025-12-11 05:00:00,51,51,61,53,72,59,64,64,48,54,49,56,42,35,55,71,83,58,85,58,65,70,67,69,60,61
2025-12-11 06:00:00,62,42,58,54,72,44,74,74,39,67,38,55,46,42,63,69,89,63,80,56,57,70,73,57,71,53
2025-12-11 07:00:00,60,48,64,50,79,57,74,66,49,62,53,59,51,48,59,76,93,72,92,64,60,67,68,73,70,60
2025-12-11 08:00:00,60,53,65,59,76,58,82,68,57,63,53,65,44,51,62,73,89,71,86,60,56,74,78,66,70,68
2025-12-11 09:00:00,59,53,67,65,77,55,78,64,49,64,65,67,54,53,74,77,86,68,100,73,68,75,79,76,69,67
2025-12-11 10:00:00,79,53,74,58,82,68,77,84,58,75,57,78,53,64,82,81,100,86,91,72,74,84,78,79,85,78
2025-12-11 11:00:00,77,66,86,73,77,79,85,80,63,76,65,77,62,50,83,72,97,78,96,75,77,91,82,80,84,79
2025-12-11 12:00:00,68,64,83,63,85,76,77,79,72,70,56,70,63,69,87,83,100,86,100,74,73,87,100,80,82,72
2025-12-11 13:00:00,71,66,79,71,92,64,83,89,71,80,54,83,67,62,80,86,100,86,100,77,77,89,91,83,81,73
2025-12-11 14:00:00,63,65,89,70,98,67,82,82,60,86,73,76,56,62,84,86,92,82,100,80,69,86,97,78,76,87
2025-12-11 15:00:00,64,60,81,63,88,65,82,68,61,75,62,72,60,60,81,86,100,82,100,84,77,95,89,80,69,79
2025-12-11 16:00:00,67,58,82,65,88,69,82,79,62,84,64,73,59,65,84,73,100,84,100,67,68,80,79,69,81,78
2025-12-11 17:00:00,60,59,70,63,75,64,74,80,56,72,56,73,59,51,73,79,100,74,81,73,67,76,85,81,79,73
2025-12-11 18:00:00,52,53,66,49,79,61,67,71,60,69,51,66,55,57,74,79,82,73,88,65,66,73,79,87,72,66
2025-12-11 19:00:00,62,48,66,60,76,54,71,76,59,66,45,64,50,48,68,76,100,77,84,65,57,72,66,75,65,69
2025-12-11 20:00:00,50,53,59,41,66,63,74,64,51,51,55,65,51,44,66,67,74,70,84,50,61,69,70,76,60,64
2025-12-11 21:00:00,61,49,62,40,72,55,75,73,42,54,48,63,42,45,68,64,87,65,79,60,64,61,72,64,66,49
2025-12-11 22:00:00,36,38,56,49,72,38,65,48,51,62,37,52,41,27,58,69,89,71,77,52,43,66,73,69,69,67
2025-12-11 23:00:00,44,39,60,44,74,57,60,54,43,59,42,52,38,41,52,63,90,57,77,43,56,70,67,68,56,52
2025-12-12 00:00:00,48,32,58,39,55,41,61,53,36,49,44,63,36,44,62,73,74,61,77,48,50,67,65,60,61,55
2025-12-12 01:00:00,47,44,64,46,75,54,60,49,41,53,43,52,28,42,64,66,84,55,72,57,48,53,73,60,57,43
2025-12-12 02:00:00,42,44,60,39,66,44,55,66,44,51,49,56,50,39,56,74,75,59,87,49,58,58,63,57,65,60
2025-12-12 03:00:00,47,40,55,47,64,49,60,64,43,49,46,56,35,47,54,58,82,63,70,47,55,68,69,66,59,45
2025-12-12 04:00:00,43,47,54,42,64,54,65,66,50,54,42,53,41,42,61,63,85,61,91,55,55,73,65,60,54,61
2025-12-12 05:00:00,49,51,67,50,70,58,70,66,43,68,45,47,38,42,60,75,80,66,84,68,54,66,68,61,64,59
2025-12-12 06:00:00,48,43,60,44,69,56,68,70,37,66,46,57,45,45,72,73,91,66,82,58,64,65,74,67,65,50
2025-12-12 07:00:00,55,47,70,47,81,61,78,61,52,61,52,54,46,43,61,72,100,74,87,56,54,70,75,64,67,64
2025-12-12 08:00:00,62,48,68,59,70,59,74,70,69,65,54,66,45,59,71,72,97,77,91,67,62,74,78,74,66,59
2025-12-12 09:00:00,65,62,76,67,83,61,73,71,57,70,53,69,58,60,70,71,95,80,89,74,69,76,73,78,74,73
2025-12-12 10:00:00,65,60,79,56,83,69,77,72,56,72,54,75,64,53,81,83,96,78,94,75,67,78,85,83,77,65
2025-12-12 11:00:00,72,73,82,62,77,67,81,79,62,75,56,84,53,55,84,86,96,86,98,73,68,81,82,71,82,76
2025-12-12 12:00:00,60,61,83,70,82,67,79,75,60,75,57,76,56,58,82,89,100,91,100,74,71,92,88,95,78,66
2025-12-12 13:00:00,67,62,82,69,86,68,90,81,72,72,58,73,60,62,84,84,100,83,100,78,72,88,83,75,84,68
2025-12-12 14:00:00,68,68,83,64,89,63,78,83,65,77,76,68,65,62,73,82,99,90,98,73,74,83,85,82,86,83
2025-12-12 15:00:00,67,69,75,67,93,63,88,83,65,75,66,79,56,61,77,88,100,83,100,75,80,83,87,76,80,74
2025-12-12 16:00:00,55,65,66,59,83,66,82,86,66,75,68,79,58,58,79,83,100,74,90,69,69,81,82,75,89,78
2025-12-12 17:00:00,56,55,77,56,79,59,78,76,59,68,56,76,51,53,76,81,95,73,95,66,76,87,85,77,79,77
2025-12-12 18:00:00,60,54,65,49,89,60,79,65,55,66,56,60,49,50,72,73,97,75,82,71,65,80,76,69,75,66
2025-12-12 19:00:00,55,49,64,46,63,56,67,68,54,72,53,58,53,46,63,68,86,68,79,56,59,69,80,77,73,63
2025-12-12 20:00:00,51,46,66,52,68,47,73,67,52,60,51,50,38,48,56,72,84,79,82,62,59,73,69,70,71,55
2025-12-12 21:00:00,51,49,60,40,60,48,64,62,43,57,44,52,38,43,63,64,74,60,74,53,58,72,64,62,61,50
2025-12-12 22:00:00,60,48,63,56,75,48,65,56,45,56,44,55,41,32,69,60,76,60,73,49,52,62,66,68,59,39
2025-12-12 23:00:00,53,46,51,40,71,52,67,65,42,51,39,54,39,46,62,64,74,66,71,53,50,62,63,56,49,50
2025-12-13 00:00:00,25,11,36,19,48,20,37,33,10,40,10,28,7,13,35,39,48,41,54,30,30,38,46,30,30,28
2025-12-13 01:00:00,18,18,30,14,43,18,41,40,19,29,22,25,14,5,26,34,54,42,43,21,31,41,29,31,37,23
2025-12-13 02:00:00,16,24,30,26,49,28,34,32,21,31,25,28,14,11,28,36,53,41,55,21,32,42,47,39,32,32
2025-12-13 03:00:00,29,21,29,16,46,17,35,43,23,32,18,29,20,11,40,55,49,48,49,33,26,37,36,31,34,32
2025-12-13 04:00:00,23,19,30,20,44,18,39,37,22,34,17,33,19,18,35,47,57,42,64,41,31,37,47,34,46,28
2025-12-13 05:00:00,29,22,40,29,52,29,37,43,27,36,19,26,25,16,35,36,64,39,63,32,24,38,40,45,34,30
2025-12-13 06:00:00,34,25,44,18,46,37,44,41,24,40,24,37,15,11,38,45,58,38,51,37,40,46,48,49,44,43
2025-12-13 07:00:00,30,24,51,21,38,42,50,35,24,36,26,41,28,23,41,41,59,51,56,38,37,41,50,50,41,31
2025-12-13 08:00:00,43,23,38,26,46,40,49,54,37,50,20,32,34,26,40,49,73,48,59,41,37,48,50,46,51,41
2025-12-13 09:00:00,41,32,50,40,49,22,50,53,40,36,36,39,29,31,45,51,69,58,70,51,42,57,61,58,44,44
2025-12-13 10:00:00,45,43,54,44,60,37,62,54,27,60,29,49,33,39,52,55,82,55,69,41,49,57,59,52,48,51
2025-12-13 11:00:00,38,37,54,39,62,44,54,56,39,53,36,47,37,41,58,64,71,57,76,50,46,68,61,52,53,46
2025-12-13 12:00:00,45,48,53,41,54,39,67,53,43,48,39,49,35,37,54,59,81,59,83,54,47,61,62,64,62,56
2025-12-13 13:00:00,43,42,61,49,67,45,65,54,32,48,38,54,38,34,59,63,82,62,73,50,50,65,67,61,63,55
2025-12-13 14:00:00,40,44,57,55,58,40,68,61,33,48,44,52,38,42,68,67,77,59,79,54,55,64,59,58,60,42
2025-12-13 15:00:00,33,39,53,40,58,44,57,61,38,49,42,58,33,36,52,55,74,48,68,49,48,68,51,57,63,47
2025-12-13 16:00:00,32,31,50,41,60,38,48,61,31,49,38,43,27,38,51,56,80,49,81,41,41,53,47,52,50,49
2025-12-13 17:00:00,40,31,51,30,50,43,57,56,29,36,29,45,39,38,43,54,75,58,59,35,43,53,45,61,54,52
2025-12-13 18:00:00,42,28,40,31,53,33,58,52,30,36,32,47,19,26,38,38,70,48,58,43,49,49,58,53,42,37
2025-12-13 19:00:00,33,30,47,23,50,34,54,40,27,43,22,48,18,27,45,48,69,41,56,30,38,40,45,51,40,39
2025-12-13 20:00:00,30,25,32,31,48,27,39,49,31,26,28,31,16,21,34,34,67,42,53,25,39,48,46,47,43,34
2025-12-13 21:00:00,18,18,42,23,46,26,33,41,26,35,25,40,12,8,39,45,47,39,46,43,38,40,38,32,41,30
2025-12-13 22:00:00,22,19,36,21,40,35,43,36,18,35,10,30,18,18,40,40,53,41,56,32,29,46,42,37,41,22
2025-12-13 23:00:00,18,12,36,21,42,30,31,45,18,32,22,25,15,18,30,43,58,32,57,32,37,35,41,28,32,19
2025-12-14 00:00:00,18,18,26,14,41,15,36,27,20,32,24,27,12,16,21,41,48,37,51,31,31,33,34,37,32,30
2025-12-14 01:00:00,18,15,28,18,44,18,39,35,24,20,20,32,15,18,29,38,51,39,52,29,29,37,42,38,38,20
2025-12-14 02:00:00,29,11,23,13,48,28,35,30,24,22,12,34,9,16,30,34,52,36,42,23,24,41,33,36,36,34
2025-12-14 03:00:00,29,13,25,24,35,18,29,21,16,35,16,31,3,11,29,34,51,48,53,28,28,39,31,36,31,20
2025-12-14 04:00:00,20,21,38,19,41,23,40,37,18,37,15,28,12,15,24,40,57,36,49,31,28,42,44,39,38,35
2025-12-14 05:00:00,27,16,40,26,49,27,44,46,11,37,21,31,20,13,36,42,58,45,45,30,28,39,51,41,39,39
2025-12-14 06:00:00,31,22,42,30,48,30,46,40,24,36,30,34,20,10,42,48,64,37,63,41,39,40,50,51,36,33
2025-12-14 07:00:00,27,32,38,26,52,29,51,47,28,35,17,40,20,23,46,42,58,39,66,36,34,45,45,51,43,39
2025-12-14 08:00:00,42,25,49,32,44,36,47,43,29,41,28,37,28,23,42,42,70,47,59,41,46,44,54,44,53,48
2025-12-14 09:00:00,38,41,41,37,55,39,50,54,32,41,24,43,23,25,47,61,73,46,70,48,39,53,53,60,49,37
2025-12-14 10:00:00,47,39,57,39,58,39,57,50,42,45,40,46,34,29,55,66,80,52,59,47,48,66,56,60,51,42
2025-12-14 11:00:00,49,32,55,47,55,35,57,60,43,52,44,40,39,45,57,66,79,51,74,45,57,55,63,60,47,51
2025-12-14 12:00:00,56,46,57,41,64,45,65,56,33,49,42,51,47,35,54,63,78,51,82,53,43,60,62,67,53,50
2025-12-14 13:00:00,44,27,56,46,61,48,63,60,45,55,36,47,44,40,56,57,84,54,77,50,61,53,67,55,58,45
2025-12-14 14:00:00,53,36,58,37,64,49,60,54,44,54,33,52,39,43,63,67,78,66,75,53,54,57,57,64,54,55
2025-12-14 15:00:00,44,42,51,31,64,48,68,55,44,53,39,53,39,40,48,68,77,56,79,56,51,58,61,56,50,49
2025-12-14 16:00:00,40,33,50,44,52,45,65,47,31,62,38,61,35,27,52,53,77,53,61,52,34,57,60,54,46,44
2025-12-14 17:00:00,37,39,55,30,61,39,50,48,35,37,28,40,27,29,41,54,69,47,72,42,42,61,51,49,50,48
2025-12-14 18:00:00,39,25,56,34,57,40,54,40,34,41,25,34,23,21,41,56,63,53,64,34,45,49,57,47,57,35
2025-12-14 19:00:00,34,17,38,32,51,33,49,37,17,36,29,32,24,20,43,40,69,49,64,42,30,50,54,45,40,29
2025-12-14 20:00:00,33,19,41,28,46,26,42,34,25,46,27,34,20,20,43,45,63,41,55,35,41,40,43,40,33,29
2025-12-14 21:00:00,30,21,29,29,41,28,38,33,22,29,18,37,21,14,34,42,57,42,55,33,35,47,46,40,40,33
2025-12-14 22:00:00,27,9,43,14,45,30,35,40,14,26,29,21,13,11,29,45,75,34,51,33,30,38,42,38,40,24
2025-12-14 23:00:00,22,21,33,14,48,24,45,39,18,31,13,31,19,16,28,41,60,42,55,29,24,31,49,34,35,38
2025-12-15 00:00:00,49,41,66,34,60,50,58,67,41,59,46,46,34,29,43,73,78,61,72,57,49,65,69,52,51,55
2025-12-15 01:00:00,48,47,51,40,66,50,64,48,47,47,47,64,38,41,66,61,74,69,73,50,57,61,67,61,60,48
2025-12-15 02:00:00,53,34,59,36,66,46,65,61,43,52,40,40,46,39,59,58,83,59,76,51,55,62,70,60,57,52
2025-12-15 03:00:00,43,43,54,43,67,48,66,62,50,58,31,49,32,37,58,64,76,70,83,60,52,65,65,64,60,55
2025-12-15 04:00:00,47,52,56,50,68,47,65,66,50,64,39,54,46,49,55,72,91,55,73,54,58,62,65,70,63,47
2025-12-15 05:00:00,51,41,56,51,65,50,54,54,45,61,36,62,45,41,63,65,82,74,81,65,55,73,62,64,62,47
2025-12-15 06:00:00,50,49,56,47,78,61,69,72,45,65,48,66,46,49,63,70,81,63,81,62,63,66,69,69,70,61
2025-12-15 07:00:00,56,51,64,53,71,61,69,71,36,60,52,63,45,53,70,69,85,74,76,66,55,63,75,71,72,64
2025-12-15 08:00:00,62,59,69,57,72,68,72,75,56,71,51,65,53,54,70,72,85,67,83,61,67,76,79,85,72,63
2025-12-15 09:00:00,71,53,73,64,85,72,75,69,63,68,50,62,51,57,82,80,97,78,94,74,62,76,82,77,75,75
2025-12-15 10:00:00,64,68,74,62,93,57,78,79,67,71,55,76,61,64,80,80,91,74,96,73,64,79,91,79,84,64
2025-12-15 11:00:00,64,61,84,62,86,72,79,83,72,77,64,82,64,72,82,91,93,88,94,82,73,83,85,87,85,72
2025-12-15 12:00:00,73,70,86,68,84,64,88,87,79,75,61,69,49,67,77,94,100,76,98,72,75,75,93,91,80,80
2025-12-15 13:00:00,75,67,75,67,93,64,87,86,69,77,58,82,59,65,86,87,93,88,97,80,82,81,91,82,80,83
2025-12-15 14:00:00,64,62,81,72,94,76,74,84,77,85,71,77,63,62,89,87,100,91,100,82,74,91,80,83,75,67
2025-12-15 15:00:00,64,49,75,57,79,74,82,84,62,79,64,75,64,61,77,76,100,76,92,67,79,80,86,75,76,70
2025-12-15 16:00:00,66,58,74,69,83,70,79,77,61,72,56,67,54,51,82,84,98,76,94,66,68,77,85,86,75,72
2025-12-15 17:00:00,60,58,67,53,87,64,72,74,61,73,53,67,54,55,74,81,99,74,95,73,71,71,68,89,70,70
2025-12-15 18:00:00,65,57,66,57,89,64,76,80,52,62,45,64,57,50,67,78,96,75,95,66,62,70,88,69,74,66
2025-12-15 19:00:00,58,49,65,50,79,52,76,72,47,64,50,66,50,50,68,62,91,74,93,63,58,74,74,63,65,61
2025-12-15 20:00:00,43,50,64,49,76,61,73,63,50,64,48,68,35,48,78,79,88,70,77,56,59,66,69,65,55,44
2025-12-15 21:00:00,57,47,67,50,76,57,66,61,53,59,41,57,52,41,60,62,78,66,85,61,63,68,69,64,68,51
2025-12-15 22:00:00,46,42,55,48,68,44,69,74,43,57,45,55,38,45,56,62,77,61,74,58,57,63,72,72,60,54
2025-12-15 23:00:00,48,38,55,46,57,35,65,62,50,50,46,52,43,39,61,62,83,63,70,52,51,63,67,61,66,49
2025-12-16 00:00:00,47,45,53,49,70,51,63,60,36,48,40,48,42,38,65,59,81,58,75,52,57,57,60,62,67,50
2025-12-16 01:00:00,43,33,59,50,65,44,65,60,39,53,39,48,36,33,61,64,81,61,60,47,51,55,67,57,61,56
2025-12-16 02:00:00,52,45,56,42,66,40,70,55,45,57,41,52,32,45,49,71,82,54,82,50,44,49,59,74,61,53
2025-12-16 03:00:00,42,44,69,48,77,47,63,65,43,54,42,51,37,41,50,68,78,76,65,52,60,63,63,65,60,59
2025-12-16 04:00:00,48,45,55,46,67,43,60,65,52,52,48,64,43,41,57,69,81,61,81,56,60,69,69,59,62,51
2025-12-16 05:00:00,51,49,69,47,64,57,64,63,47,57,41,54,42,52,63,64,87,66,71,64,58,56,68,60,58,66
2025-12-16 06:00:00,42,43,62,50,69,65,62,61,61,63,42,67,51,39,62,69,91,68,90,58,63,65,72,65,60,64
2025-12-16 07:00:00,55,54,63,56,73,54,78,70,52,67,47,69,49,46,61,76,96,71,93,64,67,78,81,75,69,60
2025-12-16 08:00:00,69,51,75,63,80,67,82,63,54,68,60,70,45,52,70,75,93,79,85,66,64,79,76,82,79,62
2025-12-16 09:00:00,64,47,65,53,84,65,79,71,62,74,57,70,65,60,75,87,87,74,87,76,76,83,83,89,63,68
2025-12-16 10:00:00,69,57,79,67,81,55,79,74,62,78,64,70,60,65,76,86,100,90,85,70,75,84,82,76,73,70
2025-12-16 11:00:00,75,60,83,64,81,66,79,85,61,73,70,79,59,57,79,88,100,85,95,84,71,84,88,87,79,80
2025-12-16 12:00:00,71,63,86,70,91,63,81,84,74,77,59,77,67,59,81,80,98,78,97,72,72,84,87,81,79,68
2025-12-16 13:00:00,65,64,83,64,93,74,88,84,62,87,63,86,56,62,91,92,100,88,95,71,84,85,91,86,77,84
2025-12-16 14:00:00,79,68,87,62,87,67,92,85,66,82,65,78,67,51,93,85,100,88,100,82,80,87,89,87,75,75
2025-12-16 15:00:00,69,66,88,64,85,75,81,90,68,84,57,71,59,62,80,86,100,81,100,79,71,87,96,87,83,76
2025-12-16 16:00:00,68,65,71,63,89,62,74,80,59,76,55,72,53,60,73,86,100,77,88,63,70,78,81,77,78,61
2025-12-16 17:00:00,69,59,64,67,79,65,76,76,58,63,53,58,60,48,69,84,98,85,95,61,66,74,68,75,77,78
2025-12-16 18:00:00,58,52,66,56,73,58,81,67,62,67,64,62,54,50,66,72,100,76,90,66,62,81,78,73,74,68
2025-12-16 19:00:00,63,50,62,55,66,58,76,63,58,67,53,63,47,52,66,75,90,57,85,62,69,75,73,70,64,62
2025-12-16 20:00:00,48,51,64,44,81,53,58,67,50,54,45,61,45,48,61,71,82,70,79,60,55,64,67,71,68,58
2025-12-16 21:00:00,52,40,56,39,69,36,69,70,44,58,44,53,36,36,56,72,80,72,77,59,60,63,71,68,65,51
2025-12-16 22:00:00,50,47,59,53,61,51,64,63,54,53,50,49,47,36,65,65,92,69,63,52,51,67,58,65,59,53
2025-12-16 23:00:00,58,43,52,41,71,51,69,64,50,52,45,58,42,38,60,68,71,68,78,62,58,49,64,62,55,63
2025-12-17 00:00:00,51,34,54,45,68,46,56,52,54,56,37,50,37,40,58,57,84,60,65,50,55,58,66,63,54,56
2025-12-17 01:00:00,45,43,60,40,62,50,61,58,47,43,38,56,32,44,65,67,74,62,72,50,55,59,71,57,56,49
2025-12-17 02:00:00,47,41,63,40,73,46,61,58,37,55,36,61,38,42,63,68,80,56,80,49,56,70,66,63,54,52
2025-12-17 03:00:00,52,39,57,57,74,52,62,58,50,64,34,55,31,40,67,69,84,67,74,57,60,64,68,63,60,57
2025-12-17 04:00:00,51,36,62,53,69,43,58,61,52,65,54,57,41,36,57,62,86,71,75,59,60,67,68,51,60,53
2025-12-17 05:00:00,48,29,57,40,66,42,60,62,46,61,41,51,46,47,60,74,82,57,86,53,61,60,65,56,63,56
2025-12-17 06:00:00,54,47,53,53,77,54,73,76,52,50,44,68,43,40,63,75,88,68,80,66,62,59,63,67,67,60
2025-12-17 07:00:00,56,57,69,49,74,51,74,60,50,57,47,67,43,51,60,75,96,71,86,45,58,75,78,70,67,60
2025-12-17 08:00:00,56,54,64,56,76,57,77,69,51,74,52,66,50,47,62,80,88,68,80,60,59,76,72,71,71,61
2025-12-17 09:00:00,63,55,78,54,88,66,71,74,68,59,61,69,58,51,68,79,98,79,90,68,71,74,71,71,70,67
2025-12-17 10:00:00,67,60,80,63,81,80,76,74,57,73,61,75,70,64,78,84,100,82,100,80,78,85,74,77,78,74
2025-12-17 11:00:00,68,57,77,63,90,66,84,80,62,81,63,73,60,58,81,88,100,87,100,77,80,82,97,83,79,62
2025-12-17 12:00:00,59,64,80,55,100,68,94,78,63,81,67,76,61,62,87,97,100,82,94,78,85,89,94,80,80,76
2025-12-17 13:00:00,65,62,85,65,87,75,81,80,74,85,68,84,66,63,70,95,100,85,92,79,79,80,87,96,81,84
2025-12-17 14:00:00,65,59,74,63,89,76,77,86,66,75,67,78,57,57,83,93,97,81,99,81,68,84,86,90,81,73
2025-12-17 15:00:00,53,64,82,67,87,63,81,79,68,72,62,82,61,51,77,81,100,90,100,76,73,80,83,80,87,81
2025-12-17 16:00:00,73,60,76,64,79,69,79,81,64,87,60,84,62,51,83,76,100,84,98,74,78,86,85,83,86,66
2025-12-17 17:00:00,68,59,74,64,80,64,73,78,62,69,55,79,56,59,67,86,98,82,87,64,72,75,79,80,76,63
2025-12-17 18:00:00,67,57,59,56,71,68,76,68,54,71,52,64,50,60,84,76,98,71,92,72,65,69,82,65,71,65
2025-12-17 19:00:00,54,51,59,58,68,55,73,67,49,68,48,64,40,50,71,79,99,77,86,61,54,79,79,66,71,62
2025-12-17 20:00:00,53,46,65,52,80,55,62,57,54,68,51,72,55,41,63,70,86,66,89,62,66,66,62,64,68,57
2025-12-17 21:00:00,53,43,59,41,75,48,56,63,49,50,50,58,45,41,55,54,85,66,74,55,55,57,70,74,71,55
2025-12-17 22:00:00,58,44,55,50,64,47,63,61,48,61,46,53,38,39,65,65,87,56,80,56,63,72,70,65,71,56
2025-12-17 23:00:00,49,48,59,44,73,47,57,67,39,55,39,50,35,39,62,64,77,56,82,49,53,70,72,58,62,53
2025-12-18 00:00:00,54,41,60,41,64,45,61,56,40,52,33,61,33,31,49,71,74,66,86,58,49,65,65,66,51,51
2025-12-18 01:00:00,53,45,50,42,65,55,65,72,37,56,41,54,31,39,61,68,79,66,81,52,45,60,63,60,51,58
2025-12-18 02:00:00,39,46,50,37,69,38,64,57,37,63,34,56,41,38,58,71,85,59,73,53,45,55,76,70,71,50
2025-12-18 03:00:00,53,33,52,49,66,49,61,61,45,54,39,52,41,36,64,67,89,70,79,53,59,63,72,74,58,44
2025-12-18 04:00:00,46,43,54,47,65,52,57,64,55,60,37,53,44,51,61,56,87,54,71,56,59,71,65,66,60,60
2025-12-18 05:00:00,48,44,66,52,65,55,64,59,45,60,41,46,46,35,56,69,78,67,79,56,58,68,71,64,56,52
2025-12-18 06:00:00,55,47,57,48,76,56,78,70,48,59,52,59,47,41,70,74,86,68,73,66,56,73,72,76,73,58
2025-12-18 07:00:00,59,49,71,58,74,52,65,66,51,58,50,75,53,48,71,73,93,73,82,61,67,67,80,75,68,62
2025-12-18 08:00:00,53,50,66,50,69,65,64,76,56,70,53,65,47,40,72,84,80,70,88,68,63,77,84,71,70,66
2025-12-18 09:00:00,52,56,74,64,75,67,73,72,61,74,55,67,49,52,73,80,100,87,92,75,69,84,75,84,79,61
2025-12-18 10:00:00,65,63,82,70,75,65,82,76,60,78,58,76,63,57,81,83,95,82,95,65,69,91,94,93,75,73
2025-12-18 11:00:00,69,64,67,61,83,62,85,78,62,77,57,81,64,62,81,82,99,84,100,75,74,93,94,79,82,69
2025-12-18 12:00:00,72,67,78,74,90,68,87,85,68,73,66,74,67,70,86,83,100,87,93,76,68,85,87,87,73,71
2025-12-18 13:00:00,68,78,92,73,86,71,87,87,65,71,69,84,74,65,77,79,100,89,100,81,70,80,89,87,88,79
2025-12-18 14:00:00,66,63,79,73,85,75,82,87,67,70,60,80,60,64,81,80,100,83,100,80,66,91,91,90,83,75
2025-12-18 15:00:00,67,56,72,70,92,63,83,79,57,86,59,78,63,50,80,84,96,78,100,66,69,78,83,84,90,70
2025-12-18 16:00:00,56,68,70,57,89,67,82,71,55,72,68,79,60,53,83,85,94,81,95,72,73,81,84,90,82,65
2025-12-18 17:00:00,66,52,75,59,85,47,75,79,56,78,56,74,49,59,73,78,96,76,93,71,68,76,75,79,90,66
2025-12-18 18:00:00,57,64,76,49,74,53,75,68,44,65,48,72,52,55,69,74,96,73,81,59,70,70,77,78,64,59
2025-12-18 19:00:00,65,44,68,62,78,50,72,68,45,57,49,56,40,56,66,70,95,70,83,63,62,69,74,66,69,60
2025-12-18 20:00:00,47,42,63,39,71,62,68,66,46,62,43,63,43,54,65,75,82,62,78,58,60,70,66,67,76,60
2025-12-18 21:00:00,44,44,59,46,59,52,67,59,40,54,47,54,52,48,60,62,87,61,81,57,59,63,62,66,65,62
2025-12-18 22:00:00,49,39,56,40,70,56,60,62,53,57,52,49,40,38,63,63,74,67,72,52,54,63,65,65,59,55
2025-12-18 23:00:00,48,40,54,47,66,49,58,57,47,48,38,57,39,44,69,59,83,58,71,61,51,67,62,71,62,59
2025-12-19 00:00:00,50,43,49,40,72,48,59,60,34,54,42,52,35,33,60,58,78,65,72,48,59,58,54,66,63,50
2025-12-19 01:00:00,41,58,52,41,73,38,60,57,48,54,35,49,33,42,55,59,87,66,71,46,54,62,68,61,60,58
2025-12-19 02:00:00,55,36,57,47,62,47,52,58,46,46,48,50,34,24,59,65,84,63,77,50,54,66,69,63,66,50
2025-12-19 03:00:00,46,48,53,35,75,44,66,69,39,58,45,59,39,41,57,64,81,63,73,50,54,63,65,65,61,51
2025-12-19 04:00:00,47,47,56,48,65,50,70,61,41,53,41,64,44,39,65,66,85,56,79,55,60,70,70,49,65,55
2025-12-19 05:00:00,54,35,48,54,67,55,58,59,52,66,43,53,46,50,59,70,86,67,85,60,53,62,65,57,59,61
2025-12-19 06:00:00,49,50,57,45,76,54,67,67,53,48,45,62,47,39,65,79,82,66,82,60,59,64,65,69,65,59
2025-12-19 07:00:00,61,53,65,54,91,49,73,73,50,67,52,58,52,43,68,78,86,76,73,73,59,83,77,73,58,67
2025-12-19 08:00:00,59,48,71,57,79,61,83,80,60,69,50,71,45,49,73,69,87,82,86,73,60,71,73,69,73,67
2025-12-19 09:00:00,67,57,70,61,85,62,76,78,53,74,52,80,53,54,69,80,91,72,88,75,65,80,86,83,78,71
2025-12-19 10:00:00,62,46,80,68,87,60,86,87,69,77,54,68,56,58,73,79,100,81,93,75,62,75,86,78,77,69
2025-12-19 11:00:00,64,62,76,70,86,54,83,80,65,73,62,83,64,62,78,91,100,78,91,77,85,86,86,79,85,65
2025-12-19 12:00:00,73,59,72,63,96,74,86,83,78,79,74,77,66,61,76,80,100,88,100,70,70,84,79,84,81,75
2025-12-19 13:00:00,67,64,89,66,88,63,91,91,61,84,68,85,56,68,67,84,100,95,100,70,77,89,92,85,90,78
2025-12-19 14:00:00,73,70,81,55,88,66,79,80,64,74,69,77,59,66,85,90,100,97,95,82,79,83,89,82,79,79
2025-12-19 15:00:00,60,66,81,58,87,75,83,75,69,75,52,69,61,62,80,80,100,81,96,76,74,81,81,77,92,69
2025-12-19 16:00:00,70,57,71,65,84,65,78,76,60,71,57,73,54,62,76,90,99,90,99,73,65,76,77,72,88,78
2025-12-19 17:00:00,63,58,75,51,84,63,81,84,56,60,55,74,44,58,73,76,98,81,93,68,61,78,75,77,71,65
2025-12-19 18:00:00,58,57,73,48,86,57,70,74,44,56,57,69,49,58,63,83,92,81,99,70,61,70,74,79,75,72
2025-12-19 19:00:00,64,51,66,55,75,58,71,68,54,57,51,62,48,50,58,81,89,69,83,67,52,68,76,74,64,55
2025-12-19 20:00:00,55,43,64,50,79,44,64,72,53,59,50,54,44,49,64,73,85,63,91,57,65,73,64,68,65,68
2025-12-19 21:00:00,53,46,64,52,66,51,76,64,48,57,54,56,43,35,62,66,77,70,73,57,65,65,70,67,67,57
2025-12-19 22:00:00,46,44,60,33,67,51,67,61,45,53,41,51,53,40,68,66,77,62,86,49,64,68,62,59,64,55
2025-12-19 23:00:00,56,42,55,45,70,51,57,53,49,57,46,62,44,48,60,68,86,62,76,52,54,55,70,56,56,48
2025-12-20 00:00:00,21,18,26,19,43,13,41,32,19,30,16,26,16,2,32,39,55,46,42,21,23,30,35,36,35,29
2025-12-20 01:00:00,18,16,28,12,46,23,39,38,9,34,30,29,15,7,43,38,47,53,47,19,27,35,31,36,33,17
2025-12-20 02:00:00,24,10,28,23,35,25,39,32,14,32,21,32,22,26,34,39,54,33,54,17,29,41,42,38,34,30
2025-12-20 03:00:00,21,24,33,29,43,21,43,35,21,33,13,28,21,14,34,33,62,38,45,21,24,43,42,38,37,28
2025-12-20 04:00:00,18,15,34,26,41,27,40,45,19,34,21,25,16,14,33,40,48,37,47,32,26,44,49,41,36,22
2025-12-20 05:00:00,30,17,37,27,55,26,34,34,21,29,30,28,21,20,40,38,56,39,51,25,33,34,31,43,35,34
2025-12-20 06:00:00,24,16,42,23,47,18,45,35,26,32,25,35,21,17,38,37,58,41,62,30,30,45,46,39,41,45
2025-12-20 07:00:00,26,19,41,28,45,32,47,43,31,40,23,38,26,22,40,54,67,41,63,44,44,32,50,44,40,41
2025-12-20 08:00:00,37,24,44,36,45,27,50,46,39,41,38,46,22,27,43,51,73,55,49,32,39,46,62,50,48,42
2025-12-20 09:00:00,40,29,44,41,66,33,50,59,34,44,35,42,20,34,55,51,88,59,62,38,45,58,51,52,59,44
2025-12-20 10:00:00,34,32,49,35,58,36,56,54,30,51,44,51,36,28,56,72,80,50,73,41,47,58,57,53,51,44
2025-12-20 11:00:00,43,33,55,38,66,40,57,61,47,48,39,47,33,39,57,59,77,60,73,55,49,68,76,64,59,46
2025-12-20 12:00:00,54,38,53,44,61,44,52,72,52,49,45,59,42,40,61,57,76,65,73,48,40,54,61,66,58,54
2025-12-20 13:00:00,48,43,62,43,58,56,57,55,44,62,35,61,37,41,63,58,80,56,62,49,49,62,58,56,54,48
2025-12-20 14:00:00,45,32,52,43,64,41,66,60,44,60,43,43,40,38,59,69,78,61,77,51,49,66,68,63,65,52
2025-12-20 15:00:00,41,50,50,34,62,49,58,59,40,49,43,53,41,33,54,62,82,60,82,46,51,62,56,62,54,56
2025-12-20 16:00:00,34,25,46,45,62,43,54,56,32,49,43,48,26,37,46,68,74,62,72,46,47,51,67,58,54,53
2025-12-20 17:00:00,33,34,39,32,46,32,60,53,31,36,29,48,27,25,43,52,65,51,73,41,53,43,54,57,50,42
2025-12-20 18:00:00,33,35,44,27,59,35,47,49,31,44,23,41,26,25,44,54,67,45,63,42,41,40,61,52,50,41
2025-12-20 19:00:00,28,25,40,23,41,28,55,40,30,46,28,34,12,19,36,46,62,45,62,39,24,49,50,45,53,34
2025-12-20 20:00:00,21,25,40,23,52,22,39,42,19,36,23,29,19,21,38,40,62,33,59,33,38,48,38,49,43,35
2025-12-20 21:00:00,28,16,37,21,47,17,45,43,21,31,19,30,24,24,37,34,57,25,43,31,29,45,42,52,42,34
2025-12-20 22:00:00,24,14,32,20,47,31,32,37,21,27,20,29,0,22,42,36,57,42,52,31,30,32,48,39,35,33
2025-12-20 23:00:00,24,18,29,17,29,29,37,31,27,32,24,30,14,12,30,39,54,41,49,28,22,41,41,52,37,29
2025-12-21 00:00:00,15,16,23,23,37,20,31,32,15,32,19,29,17,24,33,45,54,29,43,22,23,37,40,36,29,32
2025-12-21 01:00:00,14,12,40,18,44,25,36,28,19,36,18,24,8,12,36,38,56,38,49,33,20,34,41,36,27,21
2025-12-21 02:00:00,23,17,37,18,46,23,38,42,8,25,10,25,14,18,34,39,58,32,48,21,25,32,41,45,30,21
2025-12-21 03:00:00,34,11,33,26,49,17,38,34,16,31,18,33,16,17,44,35,53,28,48,27,29,37,43,37,34,32
2025-12-21 04:00:00,24,23,32,13,47,20,28,34,14,33,18,23,21,15,26,40,61,32,60,29,34,37,45,35,39,34
2025-12-21 05:00:00,30,25,35,20,35,20,38,34,25,32,17,33,27,21,39,37,63,47,57,36,27,42,40,52,38,24
2025-12-21 06:00:00,31,25,33,26,37,29,51,46,18,43,20,40,18,26,42,41,56,37,56,37,34,33,55,33,38,29
2025-12-21 07:00:00,30,19,38,30,49,32,45,45,31,37,17,31,17,17,34,45,60,48,62,39,32,52,44,44,48,42
2025-12-21 08:00:00,35,28,43,33,50,33,56,45,35,35,35,33,30,18,43,43,75,51,66,41,37,53,52,47,46,36
2025-12-21 09:00:00,38,36,64,26,54,38,45,46,33,39,34,46,25,22,51,52,77,50,66,44,51,56,62,50,56,48
2025-12-21 10:00:00,44,38,55,36,55,40,47,57,36,50,36,55,27,43,50,56,72,53,71,49,52,52,53,63,62,38
2025-12-21 11:00:00,46,45,57,46,63,46,54,52,41,43,42,52,41,38,43,66,75,52,74,46,49,60,76,66,49,48
2025-12-21 12:00:00,47,37,49,49,66,52,60,63,43,51,37,56,37,37,51,67,96,60,75,56,53,58,53,60,56,49
2025-12-21 13:00:00,40,41,59,41,57,57,63,55,49,49,37,50,36,39,53,62,82,59,72,49,52,59,62,58,58,50
2025-12-21 14:00:00,41,44,62,47,60,43,74,59,38,54,38,52,42,28,55,60,86,67,68,52,49,59,73,53,59,49
2025-12-21 15:00:00,49,37,61,34,69,34,59,61,37,49,29,54,36,30,60,55,85,60,68,54,42,65,63,58,57,44
2025-12-21 16:00:00,48,40,56,32,62,42,53,52,41,48,33,44,33,35,50,56,80,59,77,44,42,64,61,55,51,51
2025-12-21 17:00:00,37,33,38,26,54,39,48,53,37,36,29,47,31,34,53,49,64,40,63,48,48,55,47,51,37,46
2025-12-21 18:00:00,33,32,46,32,61,28,44,42,28,37,30,41,20,27,40,52,68,46,69,26,42,54,55,56,54,30
2025-12-21 19:00:00,36,26,34,25,52,34,45,47,22,37,27,34,24,27,37,46,66,40,61,43,46,49,45,47,40,27
2025-12-21 20:00:00,31,25,37,20,50,25,42,49,19,29,14,33,15,16,40,48,62,34,61,26,32,48,48,51,40,39
2025-12-21 21:00:00,26,20,37,17,49,24,36,41,19,35,23,31,20,14,39,43,58,46,58,28,44,38,46,45,34,40
2025-12-21 22:00:00,14,18,41,17,46,28,41,46,20,32,18,25,12,12,34,38,46,33,61,28,25,43,44,48,30,29
2025-12-21 23:00:00,29,13,30,17,34,18,38,35,25,31,11,31,12,11,23,37,56,45,52,26,27,39,36,34,44,28
2025-12-22 00:00:00,51,47,52,45,70,53,55,56,40,51,40,52,36,37,55,65,76,57,80,55,47,64,68,55,60,48
2025-12-22 01:00:00,46,45,59,41,62,40,55,61,40,48,44,50,41,37,55,63,70,56,72,48,47,52,58,59,62,52
2025-12-22 02:00:00,52,41,59,44,66,45,58,56,43,45,42,53,40,45,56,67,85,58,76,54,54,66,67,56,49,43
2025-12-22 03:00:00,54,39,59,49,66,37,61,58,45,51,51,56,36,47,63,67,82,66,71,51,45,68,71,61,60,47
2025-12-22 04:00:00,50,42,53,38,75,52,70,67,50,57,43,61,39,40,63,68,80,63,77,50,53,65,67,76,60,49
2025-12-22 05:00:00,56,44,60,43,66,58,59,61,46,54,49,64,37,47,63,66,87,53,78,52,56,64,69,63,57,61
2025-12-22 06:00:00,57,48,67,53,67,64,68,69,48,60,47,65,41,48,63,73,88,57,76,61,51,69,62,68,56,53
2025-12-22 07:00:00,61,46,69,49,77,45,73,71,60,64,50,68,41,46,60,82,83,74,81,59,64,73,72,68,65,61
2025-12-22 08:00:00,62,47,77,53,86,63,73,73,55,56,49,64,48,50,82,74,94,79,98,67,70,75,79,71,67,66
2025-12-22 09:00:00,66,55,76,61,82,61,83,79,57,68,58,70,54,59,70,82,86,75,87,51,65,85,79,72,67,67
2025-12-22 10:00:00,62,68,77,54,76,56,76,85,62,76,55,66,52,62,80,92,100,77,93,68,75,86,90,82,76,67
2025-12-22 11:00:00,70,64,80,57,83,76,87,83,62,83,62,76,61,62,76,81,100,75,94,77,80,84,86,74,85,66
2025-12-22 12:00:00,65,62,83,69,86,75,70,78,66,81,61,74,56,55,81,86,100,83,100,70,72,78,88,85,80,75
2025-12-22 13:00:00,67,62,80,70,86,75,92,82,67,74,73,73,60,66,75,80,100,91,100,81,76,92,90,92,76,76
2025-12-22 14:00:00,77,66,83,65,88,71,85,70,73,75,63,79,54,64,76,86,100,81,95,78,70,80,85,88,82,84
2025-12-22 15:00:00,66,68,79,67,86,69,79,86,60,76,74,71,60,54,76,82,97,83,100,78,72,81,96,80,76,82
2025-12-22 16:00:00,69,53,77,59,84,70,79,86,51,71,57,69,47,59,75,79,85,86,90,76,79,73,79,72,75,70
2025-12-22 17:00:00,53,52,75,59,86,67,78,72,57,76,53,70,60,59,78,90,98,69,93,69,74,75,71,78,73,58
2025-12-22 18:00:00,58,48,68,54,80,52,73,69,56,66,53,68,48,50,75,71,90,69,93,73,69,71,82,69,71,53
2025-12-22 19:00:00,63,52,70,52,79,50,73,63,48,64,54,71,52,45,69,83,84,79,86,56,58,70,75,81,68,57
2025-12-22 20:00:00,52,50,59,45,73,52,63,70,55,52,40,69,43,31,59,70,85,65,81,66,56,63,66,67,64,50
2025-12-22 21:00:00,41,47,63,37,67,52,56,65,48,62,40,53,37,45,63,71,91,74,89,60,59,62,71,78,63,55
2025-12-22 22:00:00,44,49,51,49,64,47,58,61,44,54,38,56,43,46,61,70,83,65,74,54,50,62,70,63,57,51
2025-12-22 23:00:00,47,38,55,43,63,47,69,60,40,50,38,57,40,44,61,66,88,72,73,53,54,58,66,66,59,40
2025-12-23 00:00:00,50,32,54,38,58,41,62,52,48,60,40,54,39,37,66,71,84,66,64,54,50,66,59,63,49,47
2025-12-23 01:00:00,49,36,62,40,67,46,62,58,38,44,40,49,35,29,49,72,72,62,75,57,51,66,59,67,55,60
2025-12-23 02:00:00,48,39,55,45,67,43,64,64,40,52,42,49,47,29,53,75,77,66,78,49,44,58,47,61,61,52
2025-12-23 03:00:00,52,30,60,45,67,38,65,62,45,63,34,55,31,37,61,62,76,64,78,61,46,62,68,69,58,47
2025-12-23 04:00:00,37,51,51,46,64,48,63,70,43,54,38,63,38,46,53,59,87,70,80,54,56,66,64,52,60,64
2025-12-23 05:00:00,59,39,59,50,61,40,72,65,48,63,44,66,37,37,63,65,85,58,88,53,55,57,66,70,63,49
2025-12-23 06:00:00,53,53,62,41,77,55,64,62,43,56,38,52,47,40,71,71,89,74,78,63,66,70,70,73,59,47
2025-12-23 07:00:00,60,46,53,52,71,54,79,64,52,64,53,68,46,46,65,71,93,59,88,64,65,68,82,72,70,56
2025-12-23 08:00:00,68,63,77,54,75,59,76,67,50,62,50,65,43,52,75,82,100,68,84,75,67,81,81,77,72,64
2025-12-23 09:00:00,59,63,70,58,92,66,75,68,61,72,56,71,53,50,83,89,100,74,89,73,68,75,86,75,73,71
2025-12-23 10:00:00,73,62,82,57,83,66,80,74,64,70,60,78,59,53,82,85,100,92,98,73,69,78,86,76,78,73
2025-12-23 11:00:00,68,63,78,70,94,73,81,89,58,69,70,82,69,59,76,89,98,87,93,68,66,82,88,81,80,76
2025-12-23 12:00:00,74,64,82,74,80,75,84,88,64,82,68,70,63,60,80,94,100,86,95,76,75,80,88,89,84,75
2025-12-23 13:00:00,78,59,81,68,84,76,85,88,72,75,66,88,65,57,80,91,100,83,91,76,78,83,92,93,84,79
2025-12-23 14:00:00,67,67,82,67,79,62,85,83,61,84,63,75,53,64,77,89,100,85,91,74,79,83,88,94,81,74
2025-12-23 15:00:00,70,58,77,66,88,78,87,87,67,76,62,75,68,62,91,83,99,86,93,66,75,83,79,82,75,67
2025-12-23 16:00:00,76,58,79,65,81,68,82,84,51,71,65,76,69,60,77,78,97,73,86,71,77,77,88,81,75,68
2025-12-23 17:00:00,66,55,72,71,78,63,87,77,61,74,58,67,57,66,76,75,89,74,98,69,80,79,89,75,78,69
2025-12-23 18:00:00,61,54,62,59,80,49,78,76,55,65,44,67,52,51,76,73,94,79,87,72,70,75,84,75,63,62
2025-12-23 19:00:00,60,53,68,43,70,48,65,71,55,59,50,61,52,44,72,83,96,63,90,63,65,73,81,71,65,57
2025-12-23 20:00:00,56,55,60,53,82,59,67,68,55,60,50,61,44,48,59,67,83,68,74,61,55,65,81,65,60,56
2025-12-23 21:00:00,47,46,67,47,72,47,62,68,45,59,40,61,47,42,52,60,83,49,77,63,58,68,71,59,67,60
2025-12-23 22:00:00,52,44,53,45,60,54,71,64,42,54,36,50,42,49,55,69,85,66,78,58,55,64,70,59,66,39
2025-12-23 23:00:00,48,41,61,39,63,48,62,57,39,52,39,54,39,33,56,80,72,69,75,54,52,57,64,65,60,50
2025-12-24 00:00:00,31,40,55,38,63,38,63,64,49,53,36,56,41,40,58,53,85,65,72,53,53,59,67,53,60,51
2025-12-24 01:00:00,51,41,56,49,66,42,68,51,36,56,41,57,42,29,60,61,84,61,72,56,56,58,69,54,51,52
2025-12-24 02:00:00,50,43,57,34,64,47,57,60,46,48,43,52,32,33,65,59,78,58,68,60,47,48,66,61,55,57
2025-12-24 03:00:00,43,43,59,52,63,36,57,64,46,55,35,61,32,50,64,65,79,62,77,58,42,64,71,74,57,42
2025-12-24 04:00:00,43,39,55,47,63,48,59,53,51,56,44,57,41,31,59,69,77,68,74,56,58,71,69,61,61,63
2025-12-24 05:00:00,50,45,66,48,73,59,70,56,50,55,43,63,38,46,66,72,78,68,76,57,51,62,69,69,65,52
2025-12-24 06:00:00,57,52,49,48,79,46,74,78,47,61,48,72,39,52,62,71,82,68,76,62,57,71,66,72,77,52
2025-12-24 07:00:00,49,46,62,56,72,64,68,71,56,56,54,57,48,48,74,79,94,71,83,66,65,90,86,66,69,66
2025-12-24 08:00:00,53,58,67,53,74,63,82,74,56,64,48,69,47,49,61,83,94,82,97,65,65,77,81,76,75,68
2025-12-24 09:00:00,71,56,74,52,86,56,83,80,53,67,59,67,57,57,73,86,100,80,100,59,63,79,78,79,78,66
2025-12-24 10:00:00,64,48,70,65,91,64,75,69,58,79,58,69,60,56,81,82,97,77,98,73,74,89,83,83,78,67
2025-12-24 11:00:00,62,63,75,58,88,57,78,83,65,66,58,81,55,55,79,87,100,91,100,81,79,86,90,84,85,68
2025-12-24 12:00:00,73,62,85,58,92,73,83,81,71,74,61,70,58,73,90,76,100,82,98,81,87,69,92,77,84,66
2025-12-24 13:00:00,66,58,83,56,93,66,87,85,75,76,63,84,68,60,75,86,100,81,97,76,69,78,86,91,79,76
2025-12-24 14:00:00,78,71,81,71,84,76,83,81,72,89,58,74,55,59,77,86,100,84,100,74,83,89,87,86,80,76
2025-12-24 15:00:00,66,59,87,71,91,70,88,88,67,78,72,71,58,51,79,81,100,73,99,85,68,82,93,82,74,73
2025-12-24 16:00:00,64,62,69,69,89,59,72,83,59,73,59,70,60,57,78,77,100,78,87,77,77,86,75,78,82,70
2025-12-24 17:00:00,59,44,65,59,83,61,76,86,57,72,61,70,44,54,69,77,91,89,89,61,71,74,81,77,78,69
2025-12-24 18:00:00,53,50,63,58,74,56,72,69,47,69,58,72,53,48,71,83,91,63,83,67,57,73,65,80,76,66
2025-12-24 19:00:00,61,34,73,50,70,60,67,71,60,60,58,51,50,50,57,76,96,77,80,72,70,72,78,70,75,66
2025-12-24 20:00:00,59,51,58,47,65,56,69,61,51,68,44,53,40,49,64,66,89,62,82,56,65,66,70,69,67,57
2025-12-24 21:00:00,62,41,63,46,71,42,61,69,44,51,39,50,40,50,64,61,82,58,79,55,50,58,73,65,63,59
2025-12-24 22:00:00,51,38,57,43,71,44,63,58,44,55,47,53,39,45,72,63,79,65,79,53,60,63,61,65,64,45
2025-12-24 23:00:00,45,53,50,47,68,49,65,55,46,52,40,52,45,35,54,57,84,67,74,55,50,63,66,63,53,54
2025-12-25 00:00:00,46,40,56,45,66,50,66,55,39,63,51,49,33,41,66,56,83,60,81,62,59,67,65,62,53,48
2025-12-25 01:00:00,54,30,50,47,60,48,62,57,49,59,38,58,42,38,54,71,78,71,79,45,55,64,60,64,54,52
2025-12-25 02:00:00,52,40,64,45,61,43,57,62,40,59,35,56,40,41,65,68,83,66,85,50,57,64,75,60,59,52
2025-12-25 03:00:00,43,40,61,42,63,48,65,65,40,55,36,51,37,38,59,67,80,56,70,50,56,68,67,67,57,50
2025-12-25 04:00:00,46,50,58,36,59,51,65,59,47,63,41,51,39,43,62,63,85,68,79,58,48,61,64,68,60,54
2025-12-25 05:00:00,56,50,60,46,69,57,66,55,42,64,52,62,43,40,64,69,92,55,88,58,42,69,73,62,63,59
2025-12-25 06:00:00,53,53,67,50,74,53,64,66,48,59,42,65,40,48,71,73,91,71,90,57,61,68,75,74,69,66
2025-12-25 07:00:00,60,48,73,50,66,49,71,67,54,57,50,66,51,61,65,69,87,73,76,54,64,73,69,72,70,57
2025-12-25 08:00:00,66,60,64,62,81,50,81,73,60,71,50,68,45,48,75,71,94,69,87,61,56,74,77,73,68,64
2025-12-25 09:00:00,69,57,67,62,78,66,78,69,61,76,56,78,61,58,73,78,95,84,83,63,80,84,83,73,78,55
2025-12-25 10:00:00,67,60,77,58,82,72,85,74,61,74,65,67,59,58,77,87,100,81,95,75,72,79,82,84,76,72
2025-12-25 11:00:00,60,58,81,66,100,72,88,77,63,82,67,71,59,72,79,93,100,86,93,66,75,87,91,82,73,76
2025-12-25 12:00:00,80,66,87,75,85,64,86,71,62,76,69,68,56,56,76,94,100,89,100,78,74,83,93,84,82,78
2025-12-25 13:00:00,67,67,81,56,92,65,90,77,71,80,67,86,62,60,90,98,100,81,100,74,76,79,80,81,83,81
2025-12-25 14:00:00,72,65,78,66,90,64,92,87,56,71,70,69,62,72,80,83,100,89,100,78,73,85,84,87,85,64
2025-12-25 15:00:00,69,69,83,65,87,73,87,82,62,71,64,63,59,64,83,85,100,90,100,74,72,85,76,83,74,71
2025-12-25 16:00:00,72,64,78,60,82,70,88,83,51,73,64,77,54,62,79,84,98,79,96,68,56,81,79,87,83,70
2025-12-25 17:00:00,68,60,67,62,92,72,72,79,53,70,54,70,48,60,82,70,92,88,91,66,74,78,78,70,72,80
2025-12-25 18:00:00,61,48,73,55,91,58,80,80,48,69,51,60,51,51,75,67,94,71,96,67,68,75,85,76,79,66
2025-12-25 19:00:00,54,52,71,58,78,63,71,75,58,70,51,58,50,49,60,66,94,69,83,63,55,72,74,76,68,59
2025-12-25 20:00:00,50,61,62,49,71,60,72,68,46,54,39,63,44,43,64,71,91,64,88,67,57,64,73,74,64,69
2025-12-25 21:00:00,47,45,65,50,71,56,62,58,54,65,51,63,45,49,66,71,80,73,80,53,54,59,61,61,54,57
2025-12-25 22:00:00,51,48,62,47,65,58,80,61,44,60,35,54,42,37,65,62,78,66,71,53,60,64,62,68,69,54
2025-12-25 23:00:00,48,41,52,42,68,46,60,63,46,50,46,62,33,49,70,62,85,59,88,60,57,64,66,59,62,57
2025-12-26 00:00:00,52,32,64,41,64,41,53,66,39,53,41,52,32,45,58,66,80,58,68,47,60,68,67,52,53,57
2025-12-26 01:00:00,44,36,48,50,61,39,59,58,54,54,36,57,45,43,58,56,78,72,73,57,63,55,61,65,54,49
2025-12-26 02:00:00,45,44,67,40,68,52,57,63,39,46,43,62,45,35,59,65,82,67,75,50,59,54,67,59,63,52
2025-12-26 03:00:00,45,32,59,50,63,44,61,60,47,62,39,55,38,25,64,70,84,61,76,53,57,59,61,62,67,46
2025-12-26 04:00:00,55,42,56,44,71,47,62,65,45,57,49,57,40,47,55,64,87,69,72,56,48,62,68,65,62,50
2025-12-26 05:00:00,53,43,56,55,70,56,72,67,44,62,33,61,47,26,70,76,81,63,73,57,50,68,64,64,60,57
2025-12-26 06:00:00,59,43,63,43,67,57,71,55,52,59,53,55,43,38,60,70,96,69,80,64,57,67,79,65,62,72
2025-12-26 07:00:00,61,48,60,52,83,54,69,63,42,77,41,52,46,36,70,69,85,60,82,64,54,66,80,69,68,60
2025-12-26 08:00:00,69,58,64,46,79,56,69,61,52,71,55,63,49,45,79,77,89,79,89,71,73,79,79,70,68,62
2025-12-26 09:00:00,61,57,68,57,93,68,76,67,55,72,58,70,53,54,79,81,98,69,82,71,71,81,84,71,75,66
2025-12-26 10:00:00,68,59,73,67,79,70,79,73,70,70,59,72,58,56,74,86,96,80,94,74,57,80,85,85,69,71
2025-12-26 11:00:00,65,50,77,63,85,63,86,82,62,75,55,69,64,59,83,82,100,82,100,77,69,85,92,87,84,79
2025-12-26 12:00:00,74,64,83,70,88,76,84,79,68,72,65,79,67,66,82,91,100,84,97,75,68,88,91,86,80,71
2025-12-26 13:00:00,65,63,82,64,96,75,81,78,66,76,69,76,68,55,88,89,100,93,94,75,79,89,96,89,79,79
2025-12-26 14:00:00,68,59,77,68,92,70,94,85,67,80,65,83,57,64,78,84,99,84,95,72,72,90,86,92,79,72
2025-12-26 15:00:00,65,66,72,65,91,72,89,84,65,77,62,71,59,61,78,85,100,89,100,77,76,82,78,92,92,73
2025-12-26 16:00:00,62,60,83,67,86,64,83,74,63,71,60,72,65,50,83,81,89,77,91,64,78,86,82,79,82,66
2025-12-26 17:00:00,63,58,63,60,80,65,83,73,60,66,57,67,59,53,63,84,93,76,94,66,66,79,75,71,77,67
2025-12-26 18:00:00,63,60,68,62,84,68,71,73,53,69,56,65,50,47,73,75,89,65,89,64,67,71,85,75,73,66
2025-12-26 19:00:00,55,52,55,51,70,62,71,71,42,65,51,75,55,52,65,77,96,76,84,62,62,75,76,72,66,58
2025-12-26 20:00:00,54,60,58,54,61,59,64,70,52,75,51,49,37,55,73,70,86,65,86,58,61,76,64,64,65,58
2025-12-26 21:00:00,49,46,63,51,71,47,61,69,51,58,45,63,41,49,55,63,79,50,89,59,49,58,63,58,56,55
2025-12-26 22:00:00,47,44,64,40,71,64,61,72,45,56,45,55,36,46,64,65,83,69,74,55,59,63,61,60,61,55
2025-12-26 23:00:00,57,42,58,56,62,44,66,59,50,49,39,61,37,38,62,61,82,70,69,54,47,69,66,68,66,49
2025-12-27 00:00:00,25,18,31,25,46,23,29,36,9,29,9,28,14,10,31,43,43,31,47,28,26,39,39,43,43,29
2025-12-27 01:00:00,14,20,29,20,43,31,33,37,22,28,10,17,18,12,41,35,54,31,50,27,26,32,44,40,39,22
2025-12-27 02:00:00,9,27,26,16,36,18,42,40,12,41,28,29,20,18,33,42,49,42,51,30,23,34,35,42,31,25
2025-12-27 03:00:00,20,15,29,27,38,33,46,28,20,24,18,36,14,13,39,37,59,34,51,26,23,42,43,42,28,27
2025-12-27 04:00:00,29,25,29,21,39,19,32,32,19,31,8,31,16,21,39,37,49,41,58,33,34,37,35,33,37,31
2025-12-27 05:00:00,34,10,33,24,48,32,38,34,21,35,28,27,21,21,35,49,63,42,55,30,27,45,43,43,28,33
2025-12-27 06:00:00,24,20,37,31,44,32,44,47,22,29,22,35,14,24,34,52,61,40,53,35,39,38,43,41,32,29
2025-12-27 07:00:00,36,35,41,25,52,26,42,33,33,38,20,36,25,21,38,42,59,45,66,31,37,47,43,54,48,35
2025-12-27 08:00:00,31,28,43,33,54,30,45,44,40,48,29,37,21,33,48,49,69,44,60,42,42,54,48,52,49,35
2025-12-27 09:00:00,36,31,41,42,54,41,47,50,29,41,26,45,36,31,52,56,77,49,59,40,44,50,51,56,47,44
2025-12-27 10:00:00,52,24,56,47,64,37,54,44,39,51,34,50,33,25,45,56,71,53,75,52,42,54,56,54,46,53
2025-12-27 11:00:00,41,44,49,47,66,45,66,49,38,55,34,52,27,40,49,54,77,68,66,54,49,60,61,57,54,51
2025-12-27 12:00:00,50,41,55,41,64,48,56,56,45,55,34,53,35,44,61,58,70,59,74,51,55,57,54,58,61,47
2025-12-27 13:00:00,46,36,54,40,67,41,56,51,41,59,41,54,38,37,58,63,81,63,71,55,57,57,60,65,54,55
2025-12-27 14:00:00,44,32,48,47,62,40,66,54,35,47,38,53,31,34,52,57,87,64,76,47,42,56,55,63,65,54
2025-12-27 15:00:00,43,43,53,38,64,54,53,52,44,44,30,46,37,36,54,66,74,55,70,54,52,52,60,61,58,53
2025-12-27 16:00:00,38,38,51,33,64,41,51,56,42,43,37,51,26,35,60,52,74,59,80,49,41,59,59,59,54,48
2025-12-27 17:00:00,39,23,40,29,56,30,51,45,37,47,36,38,31,26,57,53,67,62,61,51,45,52,54,55,48,40
2025-12-27 18:00:00,31,36,48,20,54,29,52,58,32,43,22,45,25,19,43,55,70,42,57,43,47,49,51,48,44,44
2025-12-27 19:00:00,30,29,42,24,47,34,40,43,35,36,13,35,26,14,35,50,63,39,64,36,34,42,46,42,42,32
2025-12-27 20:00:00,23,19,37,22,51,34,47,36,22,39,21,33,18,22,41,41,56,44,59,28,32,39,45,47,46,35
2025-12-27 21:00:00,27,26,35,16,41,25,46,31,26,34,13,35,14,13,41,33,67,42,54,33,32,34,38,39,43,29
2025-12-27 22:00:00,28,16,31,21,54,23,41,38,12,35,21,36,24,13,36,36,64,38,58,34,34,42,35,31,38,32
2025-12-27 23:00:00,31,19,36,29,39,25,50,33,28,33,14,31,15,14,30,48,59,45,44,16,35,31,39,31,36,33
2025-12-28 00:00:00,28,19,24,20,45,14,34,31,13,32,14,28,15,11,33,37,50,36,51,22,30,40,36,36,40,30
2025-12-28 01:00:00,28,15,32,16,42,14,35,29,18,17,13,34,18,9,34,44,58,35,50,34,28,35,42,34,40,31
2025-12-28 02:00:00,28,8,24,23,38,23,38,37,20,26,18,27,11,16,39,38,50,41,49,32,21,35,38,31,35,24
2025-12-28 03:00:00,20,13,28,15,37,25,38,35,24,38,15,29,8,11,24,49,48,29,47,33,27,40,42,32,40,31
2025-12-28 04:00:00,34,15,31,25,42,26,42,37,17,17,26,33,20,22,41,36,60,41,48,25,35,44,41,46,38,28
2025-12-28 05:00:00,40,34,40,22,40,30,40,32,33,33,14,33,16,13,37,39,56,44,54,35,25,45,45,42,41,36
2025-12-28 06:00:00,29,24,38,18,52,23,41,38,31,32,17,40,10,26,32,44,67,45,60,45,30,46,56,43,34,35
2025-12-28 07:00:00,37,19,41,34,59,27,42,43,35,43,26,28,22,17,45,43,60,50,51,37,29,46,62,37,44,31
2025-12-28 08:00:00,35,36,45,30,53,30,55,43,31,49,22,50,29,17,51,47,69,50,54,52,39,48,47,52,45,37
2025-12-28 09:00:00,37,31,49,36,57,28,47,49,42,45,40,45,27,22,37,64,78,60,62,43,37,57,57,52,59,44
2025-12-28 10:00:00,42,33,51,34,58,46,59,57,35,55,35,44,30,22,57,58,74,62,74,40,52,49,59,56,58,46
2025-12-28 11:00:00,46,34,50,41,51,42,55,56,28,49,26,54,38,40,54,62,83,66,67,62,48,54,72,57,56,41
2025-12-28 12:00:00,43,47,63,41,64,52,58,61,46,51,45,43,34,26,56,58,75,62,69,53,53,58,64,55,61,54
2025-12-28 13:00:00,47,30,62,35,62,47,58,50,36,53,37,46,40,39,62,58,83,50,78,53,54,58,74,70,59,55
2025-12-28 14:00:00,37,35,59,44,58,45,67,63,41,50,45,48,40,34,54,69,74,66,69,50,53,53,56,57,71,43
2025-12-28 15:00:00,45,39,51,39,61,46,62,59,50,54,37,55,37,35,55,64,79,53,76,53,54,51,66,72,53,55
2025-12-28 16:00:00,43,33,44,36,61,45,55,60,32,55,30,52,38,31,49,63,75,48,74,40,48,60,58,59,58,44
2025-12-28 17:00:00,43,32,38,35,57,40,55,51,32,50,25,46,25,29,47,56,70,54,69,39,50,48,51,55,39,32
2025-12-28 18:00:00,40,33,43,38,55,31,53,47,33,34,23,39,24,24,48,47,69,53,60,41,43,48,54,49,38,35
2025-12-28 19:00:00,28,19,40,25,58,37,50,49,26,39,21,31,18,19,41,56,61,51,63,36,37,40,45,47,41,40
2025-12-28 20:00:00,35,29,33,19,43,37,45,35,28,45,25,25,17,16,36,41,68,39,54,32,32,43,43,41,46,30
2025-12-28 21:00:00,31,23,38,20,47,33,40,38,14,35,22,28,14,15,35,42,59,31,53,36,35,33,52,37,38,42
2025-12-28 22:00:00,29,16,36,21,44,26,40,38,13,35,22,31,18,21,37,35,63,39,55,31,28,41,41,38,37,21
2025-12-28 23:00:00,14,24,35,16,48,23,42,32,28,26,18,29,20,14,21,44,58,30,55,26,34,35,49,40,30,31
2025-12-29 00:00:00,43,44,56,46,70,56,61,57,49,54,36,54,37,42,53,63,75,70,63,47,41,63,67,57,52,47
2025-12-29 01:00:00,45,44,60,43,65,49,60,59,32,50,30,53,31,41,56,73,86,66,71,49,53,63,77,65,67,57
2025-12-29 02:00:00,46,42,61,42,57,49,54,64,46,48,40,59,37,41,55,75,83,64,69,55,53,63,58,56,60,63
2025-12-29 03:00:00,56,37,68,45,70,51,67,62,47,57,50,52,43,43,52,62,83,70,75,52,57,56,79,66,61,56
2025-12-29 04:00:00,49,39,56,41,71,48,67,64,43,56,42,58,44,42,47,74,77,62,69,60,63,64,65,68,61,60
2025-12-29 05:00:00,50,48,58,52,64,45,67,68,45,65,38,61,47,46,63,65,93,53,76,52,56,70,69,63,52,56
2025-12-29 06:00:00,55,46,65,46,76,68,64,66,47,56,49,60,42,47,68,71,87,66,91,61,57,64,76,65,69,51
2025-12-29 07:00:00,65,48,76,51,66,63,71,62,57,62,45,63,51,53,67,78,90,69,83,66,64,71,75,72,60,60
2025-12-29 08:00:00,62,57,71,57,86,59,75,70,61,63,40,61,51,54,71,77,92,67,81,66,53,64,73,75,76,65
2025-12-29 09:00:00,71,57,71,59,79,65,81,72,56,68,70,68,51,51,78,79,99,83,91,65,65,77,85,82,79,70
2025-12-29 10:00:00,69,60,81,54,76,61,77,68,63,79,61,76,53,65,74,79,91,78,99,69,67,84,89,76,75,77
2025-12-29 11:00:00,68,57,85,71,88,76,79,74,61,80,57,75,56,67,82,86,100,81,86,69,67,82,92,79,75,73
2025-12-29 12:00:00,69,59,83,59,79,74,80,78,64,78,64,80,66,61,82,94,100,87,100,67,77,88,89,89,79,72
2025-12-29 13:00:00,69,64,80,60,87,66,75,80,72,84,59,66,60,60,74,88,100,84,94,72,69,80,88,85,77,80
2025-12-29 14:00:00,71,62,81,61,90,79,85,78,59,76,65,76,65,54,83,88,100,89,100,64,78,86,83,81,82,73
2025-12-29 15:00:00,64,68,76,64,84,71,79,82,62,84,65,73,59,61,84,93,95,85,85,75,74,80,92,83,81,72
2025-12-29 16:00:00,65,58,79,68,87,77,82,74,62,72,54,78,65,59,71,90,99,86,83,69,70,86,73,71,87,71
2025-12-29 17:00:00,66,58,71,63,76,57,80,71,54,67,62,79,48,47,76,76,98,83,95,73,67,77,83,84,71,75
2025-12-29 18:00:00,64,52,62,55,81,53,79,70,55,61,46,62,49,49,71,81,95,80,82,59,63,69,72,65,80,76
2025-12-29 19:00:00,63,45,62,58,82,47,70,59,51,66,44,64,41,51,63,72,89,60,84,56,55,65,77,81,56,66
2025-12-29 20:00:00,57,48,67,49,78,50,72,62,55,48,53,65,39,45,68,74,85,74,82,63,59,69,70,79,67,58
2025-12-29 21:00:00,54,50,58,45,67,46,59,69,47,62,43,67,46,47,66,62,86,68,66,48,61,71,64,67,68,57
2025-12-29 22:00:00,43,40,66,44,71,40,70,66,46,57,43,50,45,36,62,61,89,68,81,54,53,62,61,61,62,57
2025-12-29 23:00:00,47,47,53,40,57,53,58,65,45,61,46,63,44,34,63,59,82,65,81,59,49,67,63,57,53,55
2025-12-30 00:00:00,43,41,55,41,64,44,58,57,36,61,39,56,38,39,58,58,77,65,75,57,55,68,68,56,57,48
2025-12-30 01:00:00,52,46,55,47,68,46,57,58,46,48,44,52,31,45,60,61,81,64,79,54,60,64,70,58,57,51
2025-12-30 02:00:00,56,45,53,43,67,52,65,62,52,50,45,61,32,44,65,66,82,66,81,46,57,60,68,58,55,57
2025-12-30 03:00:00,48,48,50,48,65,50,59,70,37,50,49,57,34,43,63,68,81,70,75,47,56,66,73,58,63,53
2025-12-30 04:00:00,54,46,60,56,77,47,58,60,52,54,46,55,42,31,59,55,90,66,82,51,56,66,65,60,61,54
2025-12-30 05:00:00,60,44,60,42,62,56,70,67,40,66,42,55,46,39,50,77,85,69,80,53,55,71,72,69,62,64
2025-12-30 06:00:00,52,42,54,46,74,56,80,65,55,57,48,65,55,44,60,70,91,62,85,55,63,66,76,68,67,64
2025-12-30 07:00:00,54,46,78,45,77,54,66,71,60,59,49,56,46,43,63,76,99,80,83,63,62,69,72,76,75,64
2025-12-30 08:00:00,68,54,71,49,81,59,66,74,59,68,56,73,62,49,76,82,87,75,89,62,70,63,74,77,71,66
2025-12-30 09:00:00,63,61,77,67,81,60,66,72,60,77,67,70,43,60,78,79,91,75,93,69,61,70,86,79,74,75
2025-12-30 10:00:00,67,59,86,62,77,72,83,79,62,77,54,69,55,61,77,81,100,89,96,69,73,78,85,93,79,66
2025-12-30 11:00:00,68,63,78,58,84,67,86,87,60,73,58,76,61,51,74,85,100,88,95,75,68,99,84,79,80,75
2025-12-30 12:00:00,60,58,74,63,89,72,87,84,60,79,60,82,61,69,73,89,100,92,89,78,72,82,86,83,89,79
2025-12-30 13:00:00,68,69,87,65,94,73,85,89,66,94,69,78,63,59,78,98,100,88,92,77,79,81,79,91,82,75
2025-12-30 14:00:00,73,64,93,76,91,68,86,81,64,83,60,80,65,63,86,83,100,74,93,69,73,89,94,89,85,74
2025-12-30 15:00:00,68,69,69,64,87,72,85,80,67,82,62,74,58,62,81,80,100,84,96,70,70,82,90,80,78,72
2025-12-30 16:00:00,63,56,77,65,94,70,80,76,61,78,63,76,63,60,80,78,100,74,96,74,81,86,79,87,67,64
2025-12-30 17:00:00,66,53,70,48,85,58,80,70,59,72,64,75,60,54,71,79,100,88,81,59,69,75,76,79,68,74
2025-12-30 18:00:00,59,53,61,55,66,64,77,75,56,57,50,66,61,53,78,77,75,81,83,62,67,70,80,75,80,65
2025-12-30 19:00:00,57,51,65,58,69,61,69,66,55,64,55,65,46,56,69,57,91,73,86,70,65,59,80,68,66,62
2025-12-30 20:00:00,55,53,64,41,67,52,71,64,48,68,48,61,42,40,67,64,81,74,82,56,51,70,67,63,68,58
2025-12-30 21:00:00,38,45,62,47,62,57,60,56,44,57,50,63,52,38,57,62,89,72,80,61,59,63,64,61,68,61
2025-12-30 22:00:00,52,43,70,46,70,47,69,63,39,52,41,56,43,35,56,72,81,63,77,55,64,64,67,62,63,58
2025-12-30 23:00:00,41,42,56,46,62,45,69,71,49,60,40,51,41,43,63,68,78,72,78,53,55,67,62,63,52,46
2025-12-31 00:00:00,48,44,56,46,69,51,60,56,40,49,47,51,34,43,68,65,79,58,73,51,58,52,74,57,55,56
2025-12-31 01:00:00,42,44,48,47,72,45,67,64,37,53,46,51,34,43,59,65,79,55,76,53,54,62,68,56,56,42
2025-12-31 02:00:00,52,45,58,48,65,46,58,66,45,53,26,53,36,39,62,60,77,65,76,50,56,56,56,68,59,58
2025-12-31 03:00:00,42,42,60,45,57,51,69,57,34,46,43,61,44,31,56,57,80,62,75,56,55,65,55,57,72,54
2025-12-31 04:00:00,59,39,52,47,74,46,65,60,41,55,42,56,44,40,58,70,87,65,69,51,59,70,65,59,63,51
2025-12-31 05:00:00,55,41,59,42,67,45,66,70,41,59,55,61,42,47,57,63,89,67,82,59,53,57,68,65,63,54
2025-12-31 06:00:00,57,43,64,51,68,50,71,75,58,66,49,61,40,39,57,69,96,75,92,54,62,68,69,68,72,53
2025-12-31 07:00:00,55,46,67,48,76,53,68,72,52,57,48,61,52,50,68,72,92,67,84,54,60,72,77,72,64,64
2025-12-31 08:00:00,57,51,76,55,80,60,63,66,61,69,57,65,57,52,78,72,97,68,98,73,68,83,73,77,72,64
2025-12-31 09:00:00,62,64,71,61,82,61,78,74,49,81,55,70,51,37,67,83,100,62,87,72,75,73,78,72,73,68
2025-12-31 10:00:00,68,67,78,66,82,71,84,73,60,76,56,76,55,58,78,76,94,79,94,70,79,81,87,73,87,74
2025-12-31 11:00:00,63,58,72,61,87,67,82,78,67,76,61,77,57,63,82,86,100,79,92,72,71,71,74,87,86,75
2025-12-31 12:00:00,72,66,84,66,86,65,82,81,62,73,65,72,65,59,68,91,100,89,95,76,76,84,85,80,91,75
2025-12-31 13:00:00,69,55,90,72,88,76,99,89,73,76,70,75,62,59,83,89,97,73,100,85,79,95,94,93,83,78
2025-12-31 14:00:00,67,60,79,60,83,75,82,81,68,84,59,78,57,65,83,90,100,90,100,82,73,90,89,77,79,80
2025-12-31 15:00:00,77,62,74,65,84,72,82,83,68,78,64,71,64,63,91,85,100,83,93,80,78,80,79,79,85,84
2025-12-31 16:00:00,58,53,68,62,82,66,86,80,65,70,62,72,60,52,81,75,91,73,96,78,68,81,83,76,77,69
2025-12-31 17:00:00,59,49,66,53,83,73,82,76,56,66,56,63,53,56,74,83,99,79,93,73,70,79,80,77,77,67
2025-12-31 18:00:00,63,50,69,47,73,64,70,76,51,71,55,70,46,38,75,82,91,80,90,63,61,77,77,72,63,57
2025-12-31 19:00:00,52,50,64,60,76,64,79,63,50,69,53,58,43,47,72,75,89,73,82,63,57,74,74,73,66,62
2025-12-31 20:00:00,47,51,63,54,74,58,60,76,41,67,36,55,45,47,68,73,91,75,87,56,55,70,71,68,63,64
2025-12-31 21:00:00,52,47,63,49,74,57,76,70,47,59,45,51,44,34,63,67,99,71,80,56,56,58,76,72,64,56
2025-12-31 22:00:00,47,36,76,57,74,55,56,62,52,43,43,55,44,39,53,67,88,70,77,58,59,61,66,65,58,50
2025-12-31 23:00:00,42,41,62,43,71,53,65,52,43,59,41,60,41,40,60,62,83,55,73,53,54,68,67,64,61,57
